ID,Name,Handedness,Birthday,Full Name
H835,林家慶,右投左打,1992/01/04,
K233,有馬翔,左投左打,1990/06/05,ARIMA SHO
L0L3,羅納得,右投右打,1983/08/07,Ronald Bay
B0B9,鄭達鴻,右投左打,1981/01/12,
B097,曾揚岳,右投右打,1975/10/27,
D037,葉君璋,右投右打,1972/10/25,
B070,葉泳麟,右投右打,1975/06/04,
k441,林立,右投右打,1996/01/01,
R588,田治加,右投右打,1988/11/03,
T0A1,麥達斯,左投左打,1969/11/09,Angel Miranda
L0H7,韓森,右投右打,1977/01/02,Hansel Izquierdo
R438,詹宗晏,右投右打,1987/06/12,
N065,嶺井博希,右投右打,1991/06/04,MINEI HIROKI
B0A6,陽建福,右投右打,1979/04/22,
N011,髙城俊人,右投右打,1993/05/03,TAKAJOH Shuto
k582,李興鍊,右投右打,1989/05/16,LEE HEUNG RYUN
D007,孫昭立,右投右打,1965/04/06,
A052,王建強,右投右打,1980/03/09,
E0E4,派瑞克,右投右打,1970/09/16,Bronswell Patrick
R446,黃明輝,右投右打,1986/11/30,
T035,陳正中,右投右打,1962/04/06,
k263,羅哈斯,右投右打,1983/02/11,Juan Adolfo Rojas De La Cruz
R007,陳江和,右投右打,1982/01/15,
R114,林冠仲,左投左打,1984/01/27,
W061,宋肇基,右投右打,1978/02/22,
D092,布魯諾,右投右打,1972/10/15,Juilo Bruno
T081,陳光輝,右投右打,1974/12/02,
L0K4,邁克爾,右投右打,1976/10/17,Seth Etherton
T006,林仲秋,右投右打,1958/09/23,
K240,佐藤祥万,左投左打,1989/08/18,SATOH SHOMA
E0F8,安德魯,右投右打,1980/07/01,Andre Simpson
k273,塔瓦瑞茲,右投右打,1987/06/28,Pedro Alberto Tavarez Louis
G088,羅伯特,右投右打,1976/09/30,Robert Averett
R279,吳廷峻,右投右打,1987/02/09,
k427,曾琦,右投右打,1997/01/27,
N040,山川晃司,右投右打,1996/11/15,YAMAKAWA KOJI
G0A8,海克特,右投右打,1975/10/17,Hector Almonte
R329,林羿迪,右投右打,1985/05/31,
D036,菲力普,右投右打,1966/08/23,Felipe Castillo
N127,小室湧未,右投右打,1994/10/02,KOMURO WAKUMI
L028,廖照鎔,右投右打,1963/10/22,
B0E1,片山文男,右投右打,1984/08/06,Katayama Fumio
R246,陳少青,右投右打,1985/03/29,
G0A3,安立奎,左投左打,1984/11/03,Leovildo Pargas
R399,蔣智賢,右投左打,1988/02/21,
k558,迪恩,右投右打,1992/12/22,MATTHEW DEAN
C014,路易,右投右打,1971/01/11,Luis Perez
A048,許志華,右投右打,1981/08/10,
B0F5,雷歐,右投右打,1980/06/21,Sendy Rleal
H594,蘇智傑,右投左打,1994/07/28,
L076,溫克龍,右投右打,1972/01/08,Kenneth Winkle
L0E8,林岳平,右投右打,1982/01/28,
B031,劉炳宣,右投右打,1963/12/05,Ryu Byeong Sun
k340,皮內達,右投右打,1989/05/25,Francoris PINEDA
N002,吉本祥二,右投右打,1993/06/26,YOSHIMOTO Shoji
B041,開農,右投右打,1970/10/22,Sergio Cairo
L0K7,強納森,右投右打,1979/02/07,Jon Leicester
B0C7,盧銘銓,右投右打,1980/09/22,
N079,児玉龍也,左投左打,1993/10/09,Kodama Ryuya
D046,麥雷諾,右投右打,1968/01/08,Mike Guerrero
W025,洪啟峰,右投右打,1975/05/18,
E0I4,菲力普,左投左打,1979/01/25,Phillip Barzilla
R243,張佳瑋,右投右打,1988/02/02,
G070,米力威,右投右打,1979/04/26,Rene Miniel
k537,朴魯珉,右投右打,1985/08/18,PARK NO MIN
E0B4,陳俊義,右投右打,1977/02/11,
L052,福來,右投右打,1961/04/14,Cesar Jimenes
W026,黃清境,右投右打,1972/05/04,
k471,沈揆範,左投左打,1991/09/04,SIM GYU BEOM
L006,余富誠,右投右打,1958/08/02,
L003,李坤哲,左投左打,1964/10/01,
W0B0,邏逤,右投右打,1968/01/27,Rusty Meacham
E032,吳英偉,右投右打,1966/09/02,
W043,賀福來,左投左打,1966/06/11,Efrain  Valdez
R170,黃鈞棠,右投右打,1981/03/26,
R603,黃伯楷,右投右打,1987/08/25,
k285,梅克,左投左打,1983/10/01,Jacobo Meque Florentino
R707,陳明軒,右投右打,1993/09/17,
E0A8,伍森,右投右打,1969/05/18,Kerry Woodson
R571,洪誌陽,右投右打,1985/11/07,
H345,江忠城,右投右打,1990/03/10,
N059,原嵩,右投右打,1997/12/06,HARA SHU
k313,禹炳杰,右投右打,1990/03/31,WOO Byung Gul
W006,王宸浩,右投左打,1969/02/08,
N101,角田皆斗,右投右打,1993/01/07,TSUNODA MINATO
T0A3,阿諾,右投右打,1968/08/16,Aaron Acosta
L0J0,米奇,右投右打,1975/05/13,Mickey Callaway
G091,金濟斌,右投右打,1982/03/31,Kim Jebin
W0D7,詹姆士,右投右打,1977/09/18,Jim Deschaine
E0K4,耐克,右投左打,1985/03/02,Jim Negrych
W066,駱拿得,右投右打,1972/03/22,Ronald Caridad
B038,張家豪,左投左打,1972/10/12,
N045,山下幸輝,右投左打,1993/01/31,YAMASHITA KOUKI
k588,鄭秀彬,左投左打,1990/10/07,JUNG SOO BIN
B029,廖俊銘,右投右打,1965/12/25,
E023,路易士,右投右打,1966/12/29,Luis Santos
R502,林凱倫,右投右打,1987/12/05,
R098,黃建豪,右投右打,1986/01/08,
R319,王志豪,右投右打,1989/01/02,
E0B8,許閔嵐,左投左打,1976/11/12,
k498,許凱翔,右投左打,1994/10/22,
H341,邱興馳,左投左打,1992/01/22,
k275,貝爾川,右投右打,1988/07/09,Joselito BELTRAN
W095,陳麒元,右投右打,1978/01/25,
E0D4,彭政欣,右投右打,1980/05/22,
A026,畢可,右投右打,1969/06/10,Greg Bicknell
R190,楊賢政,右投右打,1985/10/18,
K252,一二三慎太,右投右打,1992/09/29,HIFUMI Shinta
D0A3,巴威特,右投左打,1975/02/14,Carlos Sievers
L0B4,羅薩,右投右打,1971/07/12,Maximo Rosa
R362,蔡志渟,右投左打,1988/09/28,
R165,林芳勇,右投右打,1981/09/22,
R104,朱宣政,右投右打,1986/05/01,
T054,羅維,右投右打,1963/12/10,Gilberto  Rotes
B0B0,余進德,右投右打,1978/08/03,
N140,長池城磨,右投左打,1993/04/25,NAGAIKE JOMA
D008,黃煚隆,左投左打,1963/09/20,
R644,曹家瑋,右投右打,1989/12/31,
K236,木谷良平,右投右打,1989/04/07,KIYA RYOHEI
R624,黃郁倫,右投左打,1988/05/12,
G077,陳致鵬,右投右打,1981/01/15,
H834,張進龍,右投右打,1994/04/12,
N077,島袋洋奨,左投左打,1992/10/24,SHIMABUKURO YOSUKE
N022,荻野貴幸,右投左打,1988/04/15,OGINO Takayuki
R566,邱文佑,右投右打,1989/10/05,
G059,桑坦那,右投右打,1974/12/21,Pedro Santana
R565,黃士展,右投右打,1990/01/06,
W044,百樂,右投左打,1971/07/08,Juan  Parra
W0B4,邏迓,右投右打,1979/12/08,Rigoberto Loya
D075,吉福,左投左打,1968/04/29,Michael Guiffuyle
R230,唐安,右投右打,1984/10/01,
k579,裵在俊,右投右打,1994/11/24,BAE JAE JUN
R391,姜建銘,右投右打,1985/05/27,
R591,陳偉志,右投右打,1988/09/23,
E0G5,丹尼,右投右打,1981/07/17,Danny Core
B0D3,威勇,右投右打,1976/10/01,Billy Sylvester
D048,羅飛,右投右打,1964/03/31,Rafael Montalvo
R456,黃啟書,右投右打,1986/02/08,
R650,徐毅智,左投左打,1990/09/05,
R030,蔡英峰,右投右打,1983/05/26,
K232,川原弘之,左投左打,1991/08/23,KAWAHARA HIROYUKI
T073,費南度,左投左打,1964/08/19,Fernando Figueroa
R678,胡金龍,右投右打,1984/02/02,
C008,吳俊賢,右投右打,1971/10/26,
R339,林偉,右投右打,1986/05/19,
A0B7,狄納多,左投左打,1979/09/14,Leonard  DiNardo
E0G4,史帝夫,左投右打,1978/10/03,Steve Kent
k327,金齎聿,右投右打,1989/01/14,KIM Jae Yool
N048,真砂勇介,右投右打,1994/05/04,MASAGO YUSUKE
k404,費南德茲,右投右打,1992/02/23,FERNANDES DANIEL
N104,臼井浩,右投左打,1994/04/02,USUI ISAMU
E0J0,岡薩雷茲,左投左打,1983/02/27,Luis Gonzalez
k353,特力尼德,右投右打,1990/12/23,Víctor TRINIDAD
k333,尹晶右,右投右打,1988/05/12,YOON Jung Woo
k383,鄭炫,右投右打,1994/06/01,JUNG HYUN
H225,曾陶鎔,右投右打,1991/04/27,
B055,富蘭克林,右投右打,1968/08/05,Jack Franklin
E087,阿奇力,右投右打,1974/05/09,Aguilis Cerade
G033,潘尼亞,左投左打,1975/08/03,Jesus Pena
R348,詹景喬,左投左打,1988/10/08,
k375,許建燁,右投右打,1993/07/24,HEO GEONYEOP
R643,李振堯,右投右打,1990/05/05,
k396,布連斯,右投右打,1995/12/27,BUELENS SAM
H074,潘宏翔,右投左打,1990/10/15,
k282,岡薩雷茲,右投右打,1987/02/27,Julio Angel Gonzalez Rosario
A023,卡文,右投右打,1978/03/07,Calvin Chipperfield
R463,傅于剛,右投右打,1988/01/18,
E0M7,陳文杰,右投左打,1997/10/11,
E0M9,陳子鴻,右投右打,1992/12/05,
R090,王勇熙,右投右打,1981/10/23,
R638,余宗哲,右投右打,1989/03/10,
N154,古賀優大,右投右打,1998/08/07,Koga Yudai
D033,黃清文,右投右打,1960/02/26,
G016,丘昌榮,右投右打,1972/10/30,
R142,陳南屏,右投右打,1985/03/03,
E0G2,泰德,左投左打,1976/10/28,Todd Moser
k352,桑切斯,右投右打,1987/12/29,Josías SÁNCHEZ
R586,黃勢勛,左投左打,1990/03/20,
L034,卜瑞生,右投右打,1969/03/08,Vladimir Perez
E0G6,小林亮寛,右投右打,1979/04/28,Kobayashi Ryokan
A037,徐余偉,左投左打,1979/07/18,
N030,浜田智博,左投左打,1992/10/01,Hamada Tomohiro
C036,馬丁,右投右打,1967/06/02,Mariano Martinez
k283,哈瓦雷拉,右投右打,1988/08/02,Jose Reynaldo Javalera Marte
B086,曾華偉,右投右打,1977/06/28,
N074,歐可耶瑠偉,右投右打,1997/07/21,OKOYE LOUIS
L0E0,高國慶,右投右打,1978/10/06,
R582,鄭冠偉,右投右打,1989/12/07,
A0D2,林國裕,右投右打,1989/12/13,
R589,李峻旗,左投左打,1987/09/03,
L056,陳炫琦,右投右打,1962/09/05,
R264,蔡奕亘,右投右打,1987/11/26,
k377,閔成基,左投左打,1989/09/12,MIN SUNGKI
R499,李維祥,左投左打,1987/08/18,
k556,黑多爾恩,右投右打,1989/04/17,RUDY VAN HEYDOORN
k496,趙庸晧,右投左打,1989/09/09,CHO YONG HO
N183,鈴木将平,左投左打,1998/05/20,Suzuki Shohei
W0E4,馬帝那,右投左打,1981/10/07,Rodney Medina
R295,高瑞祥,右投右打,1985/02/04,
R469,王立名,右投右打,1989/01/17,
T058,克力,右投右打,1965/09/13,Stephen Curry
R014,黃柏仁,右投右打,1982/11/03,
R145,蕭清龍,右投右打,1984/10/02,
R133,陳皓然,右投右打,1986/05/09,
L0C3,葉高泉,右投右打,1980/02/23,
L0O1,布魯斯,右投右打,1985/11/18,Bruce Billings
W062,矢野正之,右投右打,1975/01/24,Yano Masayuki
L068,阿里,右投右打,1971/01/12,Bessam Ali
A065,雷鵬,右投右打,1974/11/22,Kenny Rayborn
G074,比克,左投左打,1975/03/12,Kevin Pickford
L0A8,山姆,右投左打,1971/05/19,Scott Samuels
C035,阿諾,右投右打,1968/08/17,Tim Reynolds
L0A2,柯建鋒,右投左打,1977/09/22,
E0K7,周聖訓,右投右打,1988/12/17,
R049,陳煥揚,右投右打,1985/11/21,
k259,西維里歐,右投右打,1992/06/09,Alexander Silverio
N164,吉田凌,右投右打,1997/06/20,Yoshida Ryoh
N105,宮谷陽介,左投左打,1991/11/15,MIYATANI YOSUKE
R388,何寬揚,右投右打,1988/03/31,
R188,呂榮宗,左投左打,1981/06/02,
R559,張碩,右投右打,1990/04/13,
D074,吉爾,右投右打,1972/09/01,Gil Perez
E018,尼洛,左投左打,1963/10/17,Ravelo Manzanillo
A0B4,酷力,右投右打,1973/10/21,Bryan Corey
R297,林宇祥,右投右打,1988/02/23,
N070,平沢大河,右投左打,1997/12/24,HIRASAWA TAIGA
T008,羅魁,右投右打,1962/08/12,Urbano Lugo
E0M8,李吳永衡,左投左打,1998/03/29,
k334,吳俊赫,右投左打,1992/03/11,OH Junh Yeok
R587,林丹盛,右投右打,1991/04/09,
W055,陳連宏,右投右打,1973/09/13,
R646,黃思漢,右投右打,1990/01/21,
L073,松永幸男,右投右打,1965/07/15,Matsunaga Yukio
R628,王瑞祥,右投右打,1991/10/24,
B0H6,達克,右投右打,1987/09/21,David Harden
R612,陳申宸,右投右打,1990/08/08,
R532,顏保羅,右投左打,1988/01/11,
L015,米奇,右投右打,1965/01/25,Domingo Michel
R265,紀榮家,右投右打,1985/03/26,
G050,鄧蒔陽,右投左打,1979/07/24,
G008,柯良宗,右投右打,1975/08/17,
D024,安士堡,右投右打,1963/08/20,Brandley  Arnsberg
N063,岩橋慶侍,左投左打,1991/04/23,KEIJI IWAHASHI
k466,劉子銓,左投左打,1995/06/20,
D028,李奇,右投右打,1958/11/01,Richard Thompson
R076,萬德祥,左投左打,1982/11/30,
L046,馬漢,右投右打,1968/11/05,Marcos Vazquez
E042,大偉,右投右打,1962/08/12,David Pavlas
D066,陳大順,右投右打,1964/11/16,
R289,蔡璟豪,右投右打,1987/06/01,
R689,薛丞祐,右投右打,1994/11/30,
R057,李宗融,左投左打,1984/10/30,
N009,北方悠誠,右投右打,1994/01/25,KITAGATA Yujo
T0A4,魔力歐,右投左打,1973/07/21,Ceasar Marillo
E035,姚百川,右投右打,1964/08/09,
R681,王峻杰,右投右打,1989/01/04,
T0B1,宮下大輔,右投右打,1973/03/16,MiyashitaI Daisuke
C057,威格,右投右打,1964/10/29,Hector Villanueva
C015,黃裕登,右投右打,1973/05/30,
R708,柯育民,右投右打,1997/11/14,
B0E5,沃斯,右投右打,1975/10/06,Jeffrey Farnsworth
N174,長坂拳弥,右投右打,1994/04/28,Nagasaka Kenya
E0E9,布拉克,右投右打,1972/11/15,Blas Cedeno
R533,陳逸宸,右投右打,1986/04/08,
E0D1,今井圭吾,右投右打,1974/07/16,Imai Keigo
G046,汪天祥,右投右打,1980/04/30,
R634,吳冠晉,左投左打,1989/12/22,
W036,何献凡,右投右打,1966/02/25,
N081,野村亮介,右投右打,1993/07/09,NOMURA RYOSUKE
H070,蔡孟達,右投右打,1992/06/06,
C067,趙子傑,右投右打,1973/10/05,
H150,傅偉堯,右投左打,1992/05/06,
A078,銳猛,右投右打,1980/11/18,Josmir Romero
D041,威勒,右投右打,1966/11/07,William  Svevo
N087,小野郁,右投右打,1996/10/23,ONO FUMIYA
E057,強尼,右投左打,1965/10/31,Johnny Monnell
R692,曾增鑫,右投右打,1995/05/08,
R181,李宏裕,右投右打,1979/04/19,
E0E0,武德曼,右投右打,1972/11/12,Harold Woodman
R352,李金龍,右投右打,1988/02/04,
E048,黃榮貴,右投右打,1962/02/24,
k407,佐丹尼,右投右打,1997/11/23,GIORDANI FEDERICO
N171,木下雄介,右投右打,1993/10/10,Kinoshita Yusuke
T040,武侯,右投右打,1962/08/07,Anazario  Araujo
R017,黃浩然,右投右打,1982/02/13,
T092,豪壯,右投右打,1970/04/25,Sean Mulligan
R614,吳清一,右投左打,1987/12/19,
k394,裵炳玉,右投右打,1995/11/21,BAE BYUNGOK
R529,林泓育,右投右打,1986/03/21,
R536,陳政陽,右投右打,1985/04/17,
E019,帝波,左投左打,1962/01/24,Tiburcio Domingo
B0C6,杜寅傑,右投右打,1981/01/10,
D071,強斯頓,右投右打,1967/03/08,Joe Johnston
N092,曽根海成,右投左打,1995/04/24,SONE KAISEI
k483,李渶宰,左投左打,1992/08/04,LEE YOUNG JAE
H402,馮健庭,右投右打,1992/01/05,
W039,柏林登,右投右打,1970/01/31,Benjamin Burlingame
T0A9,肯尼,右投右打,1970/05/13,Kenny Marrero
N069,内田靖人,右投右打,1995/05/30,UCHIDA YASUHITO
R357,蔡森夫,右投右打,1987/08/27,
C030,辣銳,右投右打,1960/06/20,Larry See
E0H5,庫倫,左投左打,1980/01/20,Ryan Cullen
R361,吳政憲,右投右打,1984/11/15,
H563,李孟燁,右投右打,1994/02/17,
R535,曾保羅,右投右打,1985/08/11,
W088,顏子堯,右投右打,1978/07/23,
E0C0,鍾宇政,右投右打,1973/12/15,
H047,張瑞麟,左投左打,1992/06/28,
E0I5,泰勒,左投左打,1983/05/09,Tyler Lumsden
N072,渡邉大樹,右投右打,1997/06/07,Watanabe Daiki
B0A0,摩塔,右投右打,1974/09/28,Daniel Mota
R073,王芝龍,右投右打,1981/03/23,
R467,馬仲權,右投右打,1988/01/22,
k381,辛本基,右投右打,1989/03/21,SHIN BONKI
C021,鈴木健,右投右打,1969/04/16,Suzuki Ken
R197,溫奕祥,左投左打,1986/09/02,
C012,曾政雄,右投右打,1971/04/12,
E072,劉文貿,右投右打,1975/09/05,
W041,劉明吉,左投左打,1973/10/17,
R428,施宏明,左投左打,1985/02/07,
N107,岡野祐一郎,右投右打,1994/04/16,OKANO YUICHIRO
k411,坎普,右投右打,1993/09/02,KEMP URVING
k382,安致弘,右投右打,1990/07/02,AN CHIHONG
A029,林建宏,右投右打,1980/09/27,
R062,胡軒溢,左投左打,1982/11/22,
R372,金建中,右投右打,1989/01/03,
E043,彭裕國,左投左打,1963/12/12,
L0I5,波特,右投右打,1971/08/21,Louis Pote
W0E0,亞力士,左投左打,1976/11/05,Alexander Herrera
L0D6,張志強,右投右打,1978/10/22,
R069,劉家豪,右投左打,1984/05/28,
R039,胡進夫,右投右打,1980/09/05,
W078,邱國正,右投右打,1977/02/11,
W076,周正雄,右投右打,1975/11/21,
H076,潘振山,右投右打,1992/05/04,
R199,陳瑞慕,右投右打,1986/02/12,
E079,洪德芳,右投右打,1975/03/25,
R544,高偉傑,左投左打,1990/08/17,
D004,吉彌,右投右打,1965/04/12,Jim Ward
L0O7,洪心騏,右投右打,1994/03/13,
K239,小杉陽太,右投右打,1985/12/08,KOSUGI YOTA
A0B9,菲利浦,右投右打,1984/01/26,Paul Phillips
k572,李帶溵,右投左打,1989/03/23,RHEE DAE EUN
C022,尤伸評,右投右打,1968/08/09,
R427,王建勛,左投左打,1985/05/06,
L016,孫長川,右投右打,1963/10/25,
E0N2,楊達翔,右投右打,1993/10/03,
k590,洪成昊,右投左打,1997/07/15,HONG SEONG HO
R343,陳兆勛,右投右打,1984/11/25,
R528,馬學平,右投右打,1985/10/31,
R129,黃楷傑,右投右打,1984/04/28,
k442,楊岱均,右投右打,1993/09/19,
R228,許銘倢,右投右打,1985/04/10,
R311,王英山,右投右打,1989/09/19,
A0F7,廖健富,右投左打,1998/09/28,
H882,朱宏原,右投右打,1992/03/20,
k532,海德爾,右投右打,1996/02/26,Eugene Helder
E0L3,尚恩,右投右打,1987/08/28,Shaun Garceau
R054,陳凱恩,右投右打,1982/08/11,
R483,干易哲,右投右打,1988/10/06,
B042,詹姆士,右投右打,1963/04/11,James Bishop
R676,羅錦龍,右投右打,1985/08/20,
B044,來加,左投左打,1972/04/29,Chris Nyguard
H878,吳桀睿,右投右打,1993/04/07,
R089,黃建超,右投右打,1983/01/06,
k491,李聖圭,右投右打,1993/08/03,LEE SUNG GYU
R171,洪煒杰,右投右打,1981/01/05,
R031,張億得,右投右打,1981/09/20,
k379,權正雄,右投右打,1992/11/15,KWONJeong Woong
N143,成瀬功亮,右投右打,1992/08/19,Naruse Kosuke
C025,古勝吉,右投右打,1968/11/10,
R081,倪福德,左投左打,1982/11/14,
C003,楊章鑫,右投右打,1966/07/07,
E0L8,許皓傑,右投右打,1996/11/10,
W087,顏暉弦,右投右打,1979/06/03,
E060,吳俊億,右投右打,1975/11/26,
E0A7,奧斯卡,右投右打,1976/02/21,Oscar Abreu
E046,費南德茲,右投右打,1961/05/07,Maneul Hernandez
R370,黃佳明,右投右打,1987/07/23,
R498,陳凱倫,右投右打,1987/10/31,
B0I1,李那瑞,右投右打,1983/10/28,Donell Linares Benitez
G063,郭銘仁,右投左打,1983/06/13,
B0K0,陳仕朋,左投左打,1997/09/20,
R581,李彥緯,右投右打,1990/12/16,
L0L8,江辰晏,左投左打,1995/06/03,
k280,帕亞諾,右投左打,1990/02/20,Junior Payano
N093,石岡諒太,左投左打,1992/05/25,ISHIOKA RYOTA
E0B9,李志傑,右投右打,1977/11/04,
D055,陳金茂,右投右打,1963/10/07,
H347,林郁帆,右投右打,1991/03/19,
R481,張詠漢,左投左打,1988/09/18,
E0G0,大衛,左投左打,1976/04/02,David Glick
R337,朱元勤,右投左打,1986/07/17,
B069,葉高立,右投右打,1976/12/15,
R443,吳佶,右投右打,1987/03/25,
L042,包威,左投左打,1964/10/15,John Barfield
R219,李文星,右投右打,1988/05/09,
k478,朴正洙,右投左打,1996/01/29,PARK JUNG SOO
L0I0,韋恩,左投左打,1974/03/09,Wayne Franklin
N121,柘植世那,右投右打,1997/06/03,TSUGE SENA
L0J7,亨利,右投左打,1976/10/14,Henry Mateo
R570,許文錚,右投右打,1987/10/27,
A054,西爾法,右投右打,1977/01/04,Walter Silva
T0B3,凱力,右投右打,1970/09/29,Gary Haught
R683,江承峰,右投右打,1988/10/14,
G013,張琮貴,右投右打,1976/08/18,
R064,林永勝,右投右打,1986/09/11,
N184,吉川尚輝,右投左打,1995/02/08,Yoshikawa Naoki
R050,陳建輔,左投左打,1984/08/03,
B0H2,英克,左投左打,1984/09/13,Jesse English
G076,高瑋,右投右打,1980/02/26,
k420,薛爾,左投左打,1993/02/10,SCHEL ROBIN
E0E2,廖于誠,右投右打,1980/09/04,
H947,林志洋,右投左打,1994/07/21,
N102,生田目翼,右投右打,1995/02/19,NABATAME TSUBASA
B001,沈俊忠,右投右打,1968/09/30,
k571,趙漢昱,右投右打,1996/12/19,CHO HAN UK
W0A6,王宜民,右投右打,1980/05/25,
D080,武建州,左投左打,1972/11/16,
B0E2,康明斯,右投右打,1976/11/07,Jeremy Cummings
W070,卡亞力,右投右打,1968/11/09,Manny Garcia
R543,林建華,右投右打,1989/11/11,
B0C3,凱特,右投右打,1974/10/25,Bradley Guy
E0A1,阿力奇,左投左打,1976/03/10,Bracho Arriech
k448,俎品辰,右投左打,1996/06/28,
B090,施昭同,右投右打,1976/06/01,
E064,東鈮,右投右打,1965/10/01,Tajima Toshio
D034,小川宗直,左投左打,1962/05/23,Kogawa Munenao
T037,李偉,右投右打,1966/11/27,Ervin Rivera
G082,瓦茲,右投右打,1979/08/30,Milvio Cuevas
H439,王偉爵,左投左打,1991/09/14,
D010,林光中,右投右打,1969/04/15,
R367,鍾承祐,右投右打,1985/01/31,
G015,林建良,右投右打,1977/10/10,
L0O4,達斯汀,右投右打,1988/09/08,Dustin Crenshaw
N130,青柳匠,右投右打,1989/12/07,AOYAGI SHO
R579,方昶詠,右投右打,1990/01/29,
L0H2,尼爾森,右投左打,1974/01/27,Bryant Nelson
R349,黃恩賜,右投右打,1988/02/12,Mayaw  Paong
E0M5,克恩三世,右投右打,1988/04/24,Bruce Kern
A0D6,豪瑟,左投左打,1984/12/15,James Houser
W018,潘瑞雄,右投右打,1973/01/03,
E038,馬力歐,右投右打,1966/04/09,Mario Brito
E0B5,馮勝賢,右投右打,1975/10/23,
R592,黃玉璽,右投右打,1989/08/13,
N034,岩貞祐太,左投左打,1991/09/05,IWASADA YUTA
W0D1,史考特,右投右打,1977/10/26,Scott Sobkowiak
E061,張瑋,右投右打,1972/07/11,
H328,江智傑,右投左打,1991/10/23,
A044,林智勝,右投右打,1982/01/01,Ngayaw  Ake
N144,菅原秀,右投左打,1994/04/05,Sugahara Shu
A035,馬奎茲,右投右打,1973/04/21,Robert Marquez
R328,朱瑞宗,右投右打,1989/02/12,
R126,顏政財,右投右打,1982/10/14,
W054,高天笑,右投右打,1975/01/22,Gaudencio Agnirre
D026,林光宏,右投右打,1964/09/10,
R401,林哲瑄,右投右打,1988/09/21,
H428,郭展誠,右投右打,1990/12/11,
B033,成田幸洋,右投右打,1961/07/16,Norita Yukihiro
G0A6,布萊德,左投左打,1974/12/27,Nathan Bland
k331,鄭振浩,右投左打,1990/05/14,JUNG Jin Ho
R387,江秉峯,右投右打,1985/09/27,
R106,蔡明宏,左投左打,1986/10/23,
N125,原田拓実,右投左打,1991/06/02,HARADA TAKUMI
N084,青柳晃洋,右投右打,1993/12/11,AOYAGI KOYO
A017,李以寶,右投右打,1968/10/10,
A0F0,張明翔,右投左打,1996/10/04,
E0F2,中村隼人,右投右打,1975/08/22,Nakamura Hayato
L095,蔡青峰,右投右打,1976/10/07,
B083,鄭兆行,右投右打,1977/02/14,
L061,王杰,右投右打,1969/05/23,Raul Catedral
N032,平良拳太郎,右投右打,1995/07/12,TAIRA KENTARO
R187,吳瑞心,右投右打,1977/02/25,
B010,張耀騰,右投右打,1965/03/28,
D014,古登,右投右打,1966/03/18,Gordon Farmer
R162,沈志偉,右投左打,1988/06/27,
k535,烏斯塔里斯,右投右打,1993/04/26,Jesus Ustariz
R334,曾貴龍,右投右打,1982/08/23,
R095,鄭安庭,左投左打,1982/11/12,
W0A0,費加洛,右投右打,1975/06/24,Juan Figueroa
R356,林克謙,右投右打,1986/05/05,
R395,李居冠,右投右打,1987/10/19,
H194,甘少康,右投右打,1993/01/14,
k591,許正俠,右投右打,1990/02/17,HUH JUNG HEOP
D002,史考特,右投右打,1961/11/11,Scott May
R680,陽冠威,右投右打,1989/09/02,
R113,吳子建,右投右打,1986/10/23,
C060,卡瑞拉,右投右打,1966/10/10,Francisco Cabrera
R326,謝長融,左投左打,1987/11/27,
E074,陳建村,右投右打,1974/05/10,
K468,詹明修,右投右打,1997/03/27,
E0I0,索普,右投右打,1980/12/15,Tracy Thorpe
k449,洪瑋漢,右投左打,1995/12/03,
C039,蔡明宏,右投右打,1966/09/02,
G019,吳承翰,右投左打,1974/11/27,
YG03,宮國椋丞,右投右打,1992/04/17,MIYAGUNI RYOSUKE
R117,簡富智,右投右打,1986/04/23,
E0A2,荷西,右投右打,1972/06/12,Jose  Garcia
L0M5,王朝民,右投左打,1995/03/10,
B048,麥海奇,右投右打,1970/06/22,MICHAEL HICKEY
k551,普瑞茲,右投右打,1991/06/03,GABRIEL PEREZ
k374,李受珉,左投左打,1995/09/11,LEE SUMIN
R501,陳威儒,右投右打,1985/11/07,
k370,安圭賢,右投右打,1995/11/30,AN KYU HYUN
W072,由你卡,左投左打,1975/02/13,Javier  Samboy
C058,傑恩,右投右打,1967/02/01,Juan Guerrero
k616,哈金斯,右投右打,1991/08/06,SCOTT HARKINS
E037,羅威力,左投左打,1963/08/09,Vance Lovelace
A0A7,勝騎士,右投右打,1983/05/28,Humberto Sanchez
R247,王偉仲,右投右打,1987/06/25,
H438,駱政宇,右投右打,1991/12/01,
H526,莊駿凱,右投右打,1991/12/15,
L0O6,潘彥廷,右投左打,1994/02/03,
R303,宋定穎,右投右打,1988/10/23,
E0M2,魔力,右投右打,1988/11/27,Robert Morey
W022,荷西,右投右打,1965/09/26,Jose Solarte
E045,法拉茲,右投右打,1963/01/31,Francisco Oliveras
G032,崔東進,右投右打,1976/03/21,Choi Dong Jin
R315,潘清龍,右投右打,1988/10/16,
R594,何承曄,右投右打,1990/11/01,
H511,朱桂峯,右投右打,1990/11/22,
L0J6,威力,左投左打,1979/11/07,Willie Collazo
H583,黃稚峰,右投右打,1993/05/22,
R340,買嘉儀,右投右打,1986/01/17,
N103,堀誠,右投右打,1995/02/27,HORI MAKOTO
W045,王聖徹,右投右打,1971/01/05,
B094,郭勇志,右投右打,1977/09/24,
R368,賴泊凱,右投右打,1989/06/23,
W0E7,羅曼,右投左打,1978/11/28,Orlando Roman
R250,林有昌,右投右打,1988/08/25,
L0B1,狄亞士,右投右打,1968/02/04,Diaz Remigio
L0A7,雷米茲,右投右打,1973/06/20,Luis Ramirez
L047,賀亮德,右投右打,1966/09/28,Cesar Hernandez
A082,銳克,左投左打,1977/04/18,Randy Leek
A0D1,梁家榮,右投左打,1995/03/25,
G058,施翔凱,右投右打,1982/02/22,
N100,八百板卓丸,右投左打,1997/01/17,YAOITA TAKUMARU
T036,許錫華,左投左打,1962/08/01,
E0G1,東尼,右投右打,1979/05/10,Antonio Alvarez
G0A2,拿破崙,右投右打,1977/02/09,Napoleon Calzado
R479,楊育瑋,右投右打,1988/02/16,
k568,朴晉佑,右投右打,1990/02/12,PANK JIN WOO
k528,阿瑞斯,右投右打,1993/10/27,Vincent Ahrens
k312,安星武,右投右打,1990/12/14,AN Sung Mou
E0D0,横田久則,右投右打,1967/09/08,Yokota Hisanori
W017,阿格西,右投右打,1971/12/08,Robert Acosta
R194,林豐裕,左投左打,1986/06/09,
G020,陳保宏,右投右打,1976/09/25,
H329,于孟馗,右投左打,1992/12/27,
R281,黃崇原,右投右打,1988/07/11,
H247,陳勤宗,右投右打,1993/02/27,
B078,陳宗甫,右投右打,1975/12/30,
R649,柯尊偉,右投右打,1990/04/20,
D081,李明勳,右投右打,1972/11/18,
E029,江仲豪,左投左打,1957/12/18,
L041,姜財明,右投右打,1966/12/26,
N046,陽川尚将,右投右打,1991/07/17,YOKAWA NAOMASA
k480,尹秀鎬,右投右打,1992/07/09,YOON SOO HO
R675,郭泓志,左投左打,1981/07/23,
W083,多明哥,右投右打,1975/04/05,Domingo Guzman
R169,王燕國,右投右打,1974/12/13,
N170,國場翼,右投左打,1993/12/05,Kokuba Tsubasa
N137,佐藤旭,右投右打,1992/10/09,SATO ASAHI
R302,鍾昆龍,右投右打,1985/12/15,
N035,児山祐斗,左投左打,1995/09/01,KOYAMA YUTO
E070,凱斯,右投右打,1968/01/21,Keith Shepherd
T005,林琨瀚,右投右打,1968/01/05,
K066,馬帝斯,右投右打,1987/03/30,Shairon Martis
R208,林承宏,右投右打,1987/08/01,
L030,曾信誠,右投右打,1967/11/22,
A0A0,希爾法,右投右打,1973/12/19,Jose Silva
C044,奇戈,右投右打,1971/09/09,Robinson Checo
C028,美樂黑,右投右打,1964/11/23,Jose Gonzales
D0A8,盧詩清,右投右打,1975/10/18,
H377,洪聖欽,右投右打,1990/11/15,
W0C5,朱尉銘,右投右打,1981/08/02,
B0F8,麥克,左投左打,1976/10/18,Michael Tejera
D082,馮文龍,右投右打,1971/08/20,
T045,將生,右投右打,1963/02/10,Dane Johnson
R312,江信德,右投右打,1989/03/01,
E095,大衛,左投左打,1966/06/04,David Rosario
B035,賴有亮,右投右打,1972/08/02,
W002,凱文,右投右打,1969/12/09,Kevin Henthorne
C010,祕雷,右投右打,1965/04/06,Garrick Millay
C052,裘恩,右投右打,1975/12/25,Juan  Duran
T094,戴龍水,右投右打,1976/09/15,
R351,許躍騰,右投右打,1988/06/21,
G021,陳志誠,右投右打,1979/08/08,
L035,百力,右投右打,1966/12/09,Brandy Vann
N148,島孝明,右投右打,1998/06/26,Shima Takaaki
T015,鄧耀華,左投左打,1964/10/07,
A0E6,艾肯,右投右打,1985/10/01,Mitch Atkins
H447,吳蔚驊,右投右打,1991/03/15,
B002,涂忠男,右投右打,1959/02/20,
R018,凃壯勳,右投右打,1982/07/26,
k474,李宗錫,右投右打,1992/07/21,LEE JONG SUK
C042,克拉馬,右投右打,1960/09/20,Randy Kramer
W0B8,小吉龍,右投右打,1973/11/17,Isabel Giron
G023,楊睿智,右投左打,1980/04/09,
E0B2,麥克,右投右打,1975/02/15,Miguel Garcia
k510,陳毅宏,右投右打,1994/03/26,
H086,林明杰,右投右打,1991/03/18,
k487,劉永俊,右投右打,1994/07/13,YOO YOUNG JUN
A0A1,戰銳龍,右投右打,1975/08/06,Victor Zambrano
L064,周森毅,右投右打,1978/03/11,
W0A8,陳嘉宏,右投右打,1980/10/03,
k431,吳丞哲,右投右打,1995/04/09,
R706,徐彩筌,右投右打,1993/10/31,
E0L2,克蘭頓,右投右打,1985/04/03,Mike McClendon
C031,羅賓,左投左打,1964/11/16,Robbin Dale
N098,近藤弘基,右投右打,1993/02/12,KONDO HIROKI
G083,柏頓,右投右打,1969/12/17,Rudy Pemberton
D015,陽介仁,右投右打,1959/09/16,
k398,可洛斯,右投左打,1991/11/22,CHROUST PREMEK
N015,辻東倫,右投左打,1994/08/11,TSUJI Harutomo
R541,方健智,右投右打,1989/08/26,
E033,李居明,右投右打,1959/06/08,
N110,勝野昌慶,右投右打,1997/06/12,KATSUNO AKIYOSHI
L0G9,愛力克,左投左打,1979/02/11,Eric Cyr
B026,吳哲宗,右投右打,1968/02/15,
T089,偉恩,右投右打,1968/11/19,Luis Raven
B020,奧古斯都,右投右打,1963/07/03,Donald August
A077,艾銳達,左投左打,1975/02/19,Horacio Estrada
E090,布朗,右投右打,1969/12/19,Clinton Brown
k463,詹偉宏,右投左打,1997/01/10,
R670,林羿豪,右投右打,1991/01/02,
A070,巴克斯,右投右打,1977/02/22,Martin Vargas
G061,席瓦,右投右打,1985/03/28,Tiago Silva
R177,林志祥,右投右打,1977/05/13,
R629,翁瑋鍾,右投右打,1989/08/13,
N158,佐野恵太,右投左打,1994/11/28,Sano Keita
B0I8,史密斯,左投左打,1983/01/26,Ryan RowlandSmith
T096,法拉利,左投左打,1965/07/12,Wallace Ritchie
R088,王玉麒,右投右打,1983/03/04,
R333,林正雄,右投右打,1983/02/07,
T078,天寶,右投右打,1969/02/28,Mark Tranberg
R667,周暐峻,右投右打,1990/07/10,
k354,卡斯塔諾,右投右打,1987/10/01,Jeffrie CASTAÑO
L0G5,潘武雄,左投左打,1981/03/11,
T032,鄭幸生,右投右打,1960/01/22,
H399,佟百聖,左投左打,1992/01/16,
R397,黃志龍,右投右打,1989/02/22,
B0B6,樂米,右投右打,1972/12/15,Hector Ramirez
R473,廖健富,右投右打,1988/12/22,
R545,陳鑫官,右投右打,1990/01/15,
R216,尤信男,右投右打,1987/03/17,
W0E8,勞力士,右投右打,1977/09/10,Lorenzo Barcelo
R661,江明宜,右投右打,1988/04/10,
E091,理查,右投右打,1972/08/31,Richard  Linares
W0E6,藤本博史,右投左打,1976/05/10,Fujimoto Hiroshi
k429,林安可,左投左打,1997/05/19,
W0F4,黃政琦,左投左打,1983/11/15,
B017,黃忠義,右投右打,1967/10/12,
W0D0,鄭志強,右投右打,1982/01/26,
T0A7,吉福,右投右打,1970/04/15,Jeffrey  Matulevich
D027,史東,右投右打,1962/09/09,Joseph Strong
R523,吳忠威,右投右打,1989/12/30,
A043,萊特,右投右打,1977/06/06,Christopher Wright
E0F6,尼克,左投左打,1978/05/16,Nick Bierbrodt
E0H6,提姆,右投右打,1971/07/15,Tim Harikkala
E080,艾德,右投右打,1967/06/10,Edger Alfonzo
B089,林朝揚,右投右打,1977/02/17,
H507,王梓安,右投右打,1990/10/09,
G057,陳克帆,右投右打,1980/09/15,
L0F1,蓋達,右投右打,1971/05/06,Israel Alcantara
B091,帝猛,左投右打,1970/11/05,Glenn Disman
W000,林鴻遠,右投右打,1975/02/10,
D0A0,葛文,右投右打,1971/12/08,Garvin Alston
R045,何汶成,右投右打,,
R506,曹錦輝,右投右打,1981/06/02,
H429,林振強,右投右打,1991/06/12,
k475,金東峻,右投右打,1992/03/02,KIM DONG JUN
R234,王俊閔,右投右打,1988/01/18,
L0K2,將軍,左投左打,1972/02/22,John Halama
B0E3,克隆尼,左投左打,1982/06/02,Michael Connolly
H953,張文瑋,左投左打,1991/10/03,
R121,郭志偉,左投左打,1980/08/29,
T001,林振賢,右投右打,1960/09/02,
A012,郭昌庭,右投右打,1979/01/11,
L005,呂文生,右投右打,1962/11/30,
T097,風神,右投右打,1966/10/20,Jonathan Hurst
T091,拿坡里,左投左打,1965/08/10,Alfonso Osuna
k529,布蘭德斯,右投右打,1997/05/13,Paul Brands
A0E2,藍斯佛,右投右打,1986/10/22,Jared Lansford
R139,官大元,右投右打,1983/09/09,
R004,楊博壬,右投右打,1983/06/02,
E000,陳瑞昌,右投右打,1973/12/30,
k570,韓承赫,左投左打,1996/05/20,
T051,孫家濬,右投右打,1972/11/06,
k527,瓦也克,右投右打,1992/05/04,Andrew Woeck
D032,狄姆,右投右打,1963/02/12,Timothy  Meeks
E052,雷克,左投左打,1964/01/25,Gregg Ritchie
T016,百漢,右投左打,1961/08/12,Baham Anthony
N157,松尾大河,右投右打,1998/04/05,Matsuo Taiga
R270,吳家維,右投右打,1983/06/25,
E0C4,陳致遠,右投右打,1976/10/27,
W0C6,查理,右投右打,1974/05/08,Charles Peterson
D021,賈西,右投右打,1966/10/16,Longo Garlia
A0E8,明星,左投左打,1981/08/18,Patrick Misch
B0K3,楊晉豪,右投左打,1998/09/16,
R107,蔡明晋,右投右打,1984/09/28,
k271,里維拉,右投右打,1987/06/02,Manuel Lennin Rivera Garcia
H579,陳根良,右投右打,1992/04/20,
T0B7,馬丁,右投右打,1968/06/20,Jose Olmeda
W0F0,喬帥,右投右打,1978/03/15,Josue Matos
R179,鄭嘉明,右投右打,1982/10/17,
L0H9,彼得,右投右打,1975/06/14,Pete Munro
R445,黃明德,右投左打,1986/11/30,
B0D0,陳志偉,右投右打,1981/03/18,
R186,楊家宏,右投右打,1982/05/03,
B052,黑金光,右投右打,1971/07/03,Jose Soreano
R002,楊博超,右投右打,1981/10/25,
R214,謝永源,右投右打,1987/10/22,
W080,鄭昌明,右投右打,1978/01/28,
B0I0,高孝儀,右投右打,1990/05/29,
B0G5,林彥峰,右投右打,1985/05/22,
G055,拓霸,右投右打,1978/04/25,Angel Tovar
R144,謝松武,右投右打,1986/03/13,
E0J7,王則鈞,右投右打,1995/08/07,
L0K1,羅伯特,右投右打,1976/07/12,Daniel Reichert
B022,白昆弘,右投右打,1970/01/06,
k318,李顯鎬,左投左打,1992/07/14,LEE Hyun Ho
L074,史密斯,右投右打,1969/10/21,Chuck Smith
B0E6,夏威茲,右投右打,1978/06/13,Wilton Chavez
R068,林家緯,右投右打,1981/06/04,
L0K9,安東尼,右投右打,1983/08/08,Eric Wordekemper
R353,陳俊霖,右投右打,1988/01/01,
D054,廖述仁,左投左打,1972/04/24,
W0C0,吳修帆,右投右打,1981/12/30,
B059,陳宗男,左投左打,1974/01/05,
L0B3,高政華,右投右打,1977/07/01,
R237,陳釩碩,右投右打,1988/02/12,
k278,迪亞茲,右投右打,1987/01/20,Kelvin DIAZ
R083,王薪權,右投左打,1985/07/23,
W0B7,艾斯巴達,右投右打,1978/06/12,Gary Espadas
R358,羅博宇,右投右打,1988/11/19,
R384,杜豐亦,右投右打,1988/10/17,
D0A1,金德七,右投右打,1970/08/24,Kim Duck Chil
R433,楊柏安,右投右打,1988/11/03,
T083,強斯,右投右打,1964/10/26,Robert Chance
D077,坎諾特,右投右打,1968/01/22,Joe  Cnote
N204,高井俊,右投右打,1995/08/22,Suguru Takai
E036,陳彥成,右投右打,1965/10/15,
R063,林敬民,右投右打,1980/10/30,
B079,羅尼,左投左打,1969/10/31,Marrero Vazquel
R125,孫銳銓,右投右打,1987/08/13,
N060,熊原健人,右投左打,1993/10/19,KUMABARA KENTO
R080,吳柏宏,右投右打,1983/06/26,
L062,雷猛,右投右打,1967/06/02,Donald Lemon
R100,林俊良,左投左打,1987/04/16,
D093,格梅斯,右投右打,1970/04/02,Francisco Gamez
R000,張賢智,右投右打,1983/10/27,
R290,徐培元,右投右打,1987/06/07,
k265,羅德里格茲,左投右打,1984/08/12,Noe Rodriguez Santana
N099,吉田正尚,右投左打,1993/07/15,YOSHIDA MASATAKA
R058,蔡宗佑,右投右打,1982/06/02,
N056,篠原慎平,右投左打,1990/06/13,SHINOHARA SHINPEI
R263,鄭友宗,右投右打,1983/12/15,
A0A5,三橋直樹,右投右打,1980/12/02,Mitsuhashi Naoki
L058,葉福榮,左投左打,1958/12/29,
H433,葉書茗,右投右打,1991/06/30,
R222,朱偉銘,右投右打,1985/09/25,
A015,黃龍義,右投右打,1979/02/20,
R447,蘇瑋傑,右投右打,1987/11/11,
R632,劉永淳,左投左打,1991/11/14,
R260,林錦章,右投右打,1982/12/17,
H366,廖俊凱,右投右打,1992/01/12,
E0L6,潘韋辰,右投右打,1996/10/18,
k279,卡斯楚,右投右打,1991/12/09,Whilkin Castro Mena
R176,林瑋恩,右投右打,1988/03/22,
A080,馬帝茲,左投左打,1980/01/20,Luis Martinez
R642,許凱迪,右投右打,1989/02/27,
A095,耿伯軒,右投右打,1984/10/15,
L033,童健勝,右投右打,1967/11/16,
A011,潘忠韋,右投右打,1976/08/10,
R365,余宗翰,右投右打,1985/08/24,
D045,坎沙諾,右投右打,1965/12/31,Campusano Silvestre
A0F5,Searle Ryan,右投右打,1989/06/22,Ryan Searle
k426,賴智垣,右投右打,1997/02/28,
R022,陳永哲,右投右打,1983/03/13,
W004,胡立安,右投右打,1969/09/22,Julian Heredia
k267,桑塔納,右投右打,1985/12/26,Julio Cesar Santana Café
L071,豪傑,右投右打,1966/01/20,Jose Tapia
R274,吳家輝,右投右打,1983/10/23,
N168,守屋功輝,右投右打,1993/11/25,Moriya Koki
R040,王志榮,左投左打,1979/11/20,
D095,魔力龍,左投左打,1970/12/16,Santiago Morilo
D086,霸龍,左投左打,1964/11/17,Pablo Reyes
N088,栗原陵矢,右投左打,1996/07/04,KURIHARA RYOYA
B0I2,偉克,右投右打,1983/11/07,Esmerling Vasquez
L0C8,潘威倫,右投右打,1982/03/05,
R034,葉詠捷,右投右打,1985/04/21,
N037,飯塚悟史,右投左打,1996/10/11,IIZUKA SATOSHI
L0C0,王坤堯,右投右打,1976/12/13,
L0B5,曾翊誠,右投右打,1978/08/12,
R630,陳正龍,右投左打,1988/10/22,
A098,米勒,右投右打,1979/02/07,Josh Miller
E075,陳瑞振,右投右打,1975/09/23,
R486,林彥辰,右投右打,1989/04/09,
k328,朴起民,右投左打,1988/05/15,PARK Ki Min
L082,郭彥柏,右投右打,1975/11/16,
L0G4,江柏青,左投左打,1981/09/10,
H593,李宗賢,右投右打,1994/06/29,
k560,比切提斯,右投右打,1992/09/26,ALPHONSE BICHETTE JR
B014,野中尊制,右投右打,1966/05/22,Nonaka Tetsuhiru
k564,盧波,右投右打,1993/11/27,VICENTE LUPO
B099,楊仁明,右投右打,1978/08/28,
D096,羅貝托,右投右打,1970/03/18,Roberto  Ramir
N159,松原聖弥,右投左打,1995/01/26,Matsubara Seiya
k433,吳俊杰,右投右打,1996/11/07,
E015,克魯茲,右投右打,1965/10/12,Héctor de la Cruz
T034,李杜宏,左投右打,1959/11/14,
A001,李風華,右投右打,1975/09/19,
N049,友永翔太,右投左打,1991/04/01,TOMONAGA SHOTA
D058,戴瑞,右投右打,1962/06/12,Darrell Ackerfelds
k261,貝羅,右投右打,1984/05/24,Juan Alexi Bello
A045,曼尼,右投右打,1972/08/14,David Manning
R386,戴于盛,左投左打,1988/03/19,
C029,愛快,右投右打,1960/04/27,Brian Giles
R669,陳鴻文,右投右打,1986/02/03,
G052,傑森,右投右打,1973/05/31,Martin Janzen
G0A1,艾力士,右投左打,1981/04/30,Alex Nunez
L036,阿坡里那,右投右打,1968/01/30,Apolinar Garcia
L0H6,布雷,右投右打,1972/05/28,Tilson Brito
B0F6,格林,左投左打,1976/11/22,Lindsay Gulin
A0E7,銳爾登,右投右打,1986/05/25,Cory Riordan
E066,德伍,左投左打,1967/01/04,Robert Wood
G093,威爾,左投左打,1980/08/08,Diegomar Markwell
k461,吳明鴻,右投右打,1994/11/02,
H038,王威晨,右投左打,1991/07/03,
R655,單復昇,右投右打,1986/07/18,
N162,山下亜文,左投左打,1996/04/05,Yamashita Amon
A085,羅銳,左投左打,1972/08/11,Andrew Lorraine
R101,林立凱,右投右打,1987/05/26,
N178,黒瀬健太,右投右打,1997/08/12,Kurose Kenta
N064,宇佐見真吾,右投左打,1993/06/04,USAMI SHINGO
R160,黃榮義,右投右打,1982/05/02,
T088,魔拉,右投右打,1972/02/07,Melvin Mora
B065,怪力男,右投左打,1969/07/10,Jay Kirkpatrick
k314,催源宰,右投左打,1987/04/29,CHOI Won Jae
R026,曾鏡峰,右投右打,1981/10/10,
L044,凌森,右投右打,1962/11/30,Brinson Arden
G031,亞士達,右投右打,1969/01/23,Osmani Estrada
B015,黃文明,右投右打,1963/01/15,
A0B6,洪宸宇,左投左打,1989/03/27,
A0E4,賈希亞,左投左打,1984/10/30,Ramon Garcia
R561,陳勝雄,右投右打,1988/09/04,
R203,柯元博,右投右打,1981/02/21,
k574,方乾禹,右投右打,1996/04/09,BANG GUN WOO
B072,馬雅,右投右打,1969/04/28,James Myers
E004,林易增,右投右打,1959/12/02,
R251,藍少文,右投左打,1988/06/07,
B0H9,蕭一傑,右投右打,1986/01/02,
R314,吳建緯,左投左打,1988/11/11,
R601,陽龍華,右投右打,1988/07/31,
R641,張峻源,右投右打,1990/01/08,
W008,拉飛力,右投右打,1967/09/16,Rafaelito Mercedez
W051,闕壯鎮,右投右打,1972/04/15,
R035,郭孟喜,左投左打,1987/01/15,
L0M3,楊家維,右投右打,1995/08/03,
R378,周昱志,左投左打,1989/08/27,
H989,宗接唯人,右投右打,1994/07/06,Munetsugu Yuito
k450,高淮安,右投左打,1995/11/30,
E0G7,凱斯,左投左打,1980/03/05,Keith Ramsey
A010,蔡昱詳,左投左打,1969/09/07,
E071,林正偉,右投左打,1974/03/11,
E068,艾伯格,右投右打,1968/04/08,Albert Bustillos
A0C5,德本,右投右打,1982/02/24,Joseph Durbin
R406,李晉銘,右投右打,1984/01/03,
N066,網谷圭将,右投右打,1997/10/03,AMIYA KEISHO
k507,施冠宇,右投右打,1995/12/30,
k593,伊比凡諾,右投右打,1990/03/31,ERICK EPIFANO
W084,紀俊麟,右投右打,1980/04/01,
N089,加藤匠馬,右投右打,1992/04/29,KATO TAKUMA
N129,北村祥治,右投右打,1994/01/23,KITAMURA SHOJI
A024,雅哥,右投右打,1979/10/30,John Acosta
H454,吳松勳,右投右打,1992/08/16,
W093,郭岱詠,右投右打,1978/06/17,
R621,徐育澄,右投左打,1987/10/23,
R172,林俊萍,右投右打,1980/04/12,
R008,鄭乃文,右投右打,1981/04/08,
W096,部坂俊之,右投右打,1974/07/15,Hesaka Toshiyuki
k576,裵宰煥,右投右打,1995/02/24,BAE JAEW HAN
K289,卡諾,右投右打,1981/07/16,Charly Cano
W0A1,達威,右投右打,1973/03/13,Dario Veras
L0M8,李韋斯,右投右打,1985/12/20,Amaury Rivas
R029,陳其宏,右投右打,1981/07/31,
B095,羅仁成,右投右打,1975/02/21,
R507,蕭宇奇,左投左打,1987/08/06,
k424,威海特,右投右打,1991/02/22,WEIJGERTSE KEVIN
k339,弗蘭德斯,右投右打,1983/04/27,Wington FLANDES
C023,卓琨原,右投右打,1969/10/12,
H498,林逸翔,左投左打,1992/12/16,
R560,高挺耀,右投右打,1986/12/05,
L0C1,黃信福,右投右打,1975/06/07,
A0B3,尤猛,左投左打,1979/10/11,Shane Youman
D064,梅薩,右投左打,1967/01/08,Matthew Maysey
A006,陳峰民,右投右打,1977/10/29,
T028,鷹俠,右投右打,1967/02/03,Luis Iglesias
B047,楓康,右投右打,1968/11/13,Mark Kiefer
T0A6,堡吉,右投右打,1969/10/19,Paul Torres
R269,林其緯,右投左打,1984/04/07,
R639,陳聖恩,右投右打,1989/09/02,
T063,帝傑,右投右打,1965/01/06,Jose Jesus
A051,羅德里茲,右投右打,1976/10/25,Victor A Rodriguez
L0C2,林宗毅,右投右打,1978/12/25,
H367,紀品宏,右投左打,1991/07/01,
H592,森榮鴻,右投右打,1994/08/20,
E0H3,霸茲,右投右打,1979/07/24,Robert Bozied
N044,和田恋,右投右打,1995/09/26,WADA REN
W067,山力哥,右投右打,1970/03/16,Erneto Santiago
k272,胡立安,右投右打,1988/10/08,Raudy Julian Ovilsano
A083,佐藤和宏,左投左打,1977/09/21,
k322,崔炡敏,右投左打,1989/06/02,CHOI Jung Min
R299,劉家名,右投右打,1987/05/26,
C004,威迪,左投左打,1966/06/11,Valdee Efrain
A079,猛克,左投左打,1974/04/29,Hector Mercado
L0E2,雷諾,左投左打,1971/05/24,Todd Rizzo
G090,考菲,右投左打,1977/05/16,Ivanon Coffie
R152,王國政,右投右打,1978/10/21,
R540,蔡欣宏,右投右打,1990/04/24,
W029,郭李建夫,右投右打,1969/03/24,
A000,梁如豪,右投右打,1973/10/21,
L009,羅敏卿,左投左打,1966/12/01,
k443,施冠勛,右投右打,1996/05/16,
R091,林星辰,左投左打,1985/06/04,
N036,柿田裕太,右投右打,1992/08/27,KAKITA YUTA
L038,葉克多,右投右打,1968/11/26,Hector Wagner
E0N5,蔡岱霖,右投右打,1992/06/08,
k587,金汰珍,右投左打,1995/10/07,KIM TAE JIN
R229,陳同霆,右投右打,1984/03/28,
k458,陳育軒,右投左打,1995/10/25,
L0G6,米那亞,右投右打,1976/06/20,Edwin Minaya
D047,張泰山,右投右打,1976/10/31,Ati  Masaw
T012,康雷,右投右打,1964/10/21,Angel Gonzalez
G025,野野垣武,右投右打,1971/07/08,Nonogaki Takeshi
k260,哈維爾,右投右打,1987/10/25,Juan Antonio Javier Poche
R164,黃騤榮,右投右打,1979/06/30,
B0H1,鄭現澤,左投左打,1980/02/22,Jung Hyun Taek
E0I2,鄭錡鴻,左投左打,1985/06/20,
R374,郭明偉,右投右打,1984/12/02,
T085,特雷斯,右投右打,1970/05/31,Dario Torres
R120,蔣少瑋,右投右打,1985/12/12,
R622,邱品睿,左投左打,1987/12/13,
D030,牛沙勒,右投右打,1960/01/08,Julio Solano
E003,查維,右投左打,1962/02/23,Pedro Chavez
R583,黃聖傑,右投右打,1989/10/29,
N018,釜元豪,右投左打,1993/09/03,KAMAMOTO Go
L0P1,尼克斯,右投右打,1983/05/21,Michael Nix
R301,藍少白,右投左打,1986/03/23,
N152,田中貴也,右投左打,1992/08/27,Tanaka Takaya
R154,陳彥銘,右投右打,1980/05/26,
k323,柳志赫,右投左打,1994/01/13,RYU Ji Hyuk
k460,黃竣彥,右投右打,1993/10/06,
R236,郭文凱,右投右打,1988/01/03,
R668,李杜軒,右投右打,1988/04/21,
k516,克利門西亞,左投左打,1997/02/20,Taylor Clemensia
L0I2,費古洛,右投右打,1974/05/18,Nelson Figueroa
N039,桂依央利,右投右打,1991/07/09,KATSURA IORI
k617,杉尾拓郎,左投左打,1986/10/03,TAKURO SUGIO
k384,林祉閱,右投右打,1995/08/22,IM JI YEOL
E0F4,艾迪,右投右打,1977/11/03,Eddy Candelario
L075,布萊恩,右投右打,1966/11/07,Brian Draham
k536,伽利,右投右打,1995/02/15,Federico Celli
T027,黃武雄,左投左打,1961/09/06,
R697,林憲章,右投右打,1988/04/30,
L020,杜福明,右投右打,1960/03/27,
B0D7,芝草宇宙,右投右打,1969/08/18,Shibakusa Hiroshi
A042,吳偲佑,左投左打,1982/05/24,
E0D8,吳保賢,右投右打,1980/02/06,
k521,伊斯莫,右投右打,1997/02/19,Ross Ismail
R174,蘇偉銓,右投左打,1983/11/21,
R205,林益全,右投左打,1985/11/11,
L0N3,賽格威,右投右打,1983/04/11,Zack Segovia
R147,陳偉建,左投左打,1985/12/31,
R619,黃劉清,右投右打,1988/08/28,
E051,董永興,右投右打,1968/10/12,
T095,貝克,右投右打,1967/08/31,Brian Grebeck
G073,黃泰龍,右投右打,1983/03/16,
G047,奇戈,右投右打,1978/06/25,Delvis Pacheco
R041,張育保,右投左打,1982/08/03,
k456,黃逸鑫,右投右打,1995/11/01,
R232,林育鴻,右投右打,1988/05/26,
D063,鄭文賢,右投右打,1974/10/05,
N095,宗佑磨,右投左打,1996/06/07,Mune Yuma
k492,崔元準,右投左打,1997/03/23,CHOI WON JUN
R271,李振男,右投右打,1984/08/27,
B0J4,黃亦志,右投右打,1992/06/01,
B0J6,潘力,右投右打,1985/03/25,Hassan Pena
k589,洪昌基,右投左打,1993/11/21,HONG CHANG KI
L012,耿健輝,右投右打,1962/12/31,
A050,許傳誠,右投右打,1979/10/27,
B061,奇威,右投左打,1968/04/22,Kevin Castle
k270,迪亞茲胡安,右投右打,1991/03/02,Juan Alejandro Diaz Arias
B0H4,強克,右投右打,1983/11/05,Juan Morillo
W030,潘志強,右投右打,1978/08/18,
k269,雅各,左投左打,1986/06/15,Dioheban Alberto Jequei Veloz
N112,平尾奎太,左投左打,1994/06/21,HIRAO KEITA
H157,陳敬岦,右投右打,1990/04/27,
k402,伊密客,左投左打,1994/07/14,EHMCKE MAIK
H401,張耿豪,右投右打,1991/04/11,
H218,郭峻偉,右投右打,1992/07/18,
E039,阿洛瑪,右投右打,1967/10/30,George Alvarez
D043,強森,右投右打,1968/03/31,William Johnson
R403,邱子愷,左投左打,1987/09/14,
A014,邱新勇,右投右打,1984/03/28,
L085,松井隆昌,右投右打,1966/08/20,Matsui Takamasa
N153,堀内謙伍,右投左打,1997/04/15,Horiuchi Kengo
L050,瑞克,左投左打,1964/11/16,Rick Bernardo
E0D7,巴帝斯,左投左打,1971/12/30,Travis Steven
R539,蘇榮泰,右投左打,1988/11/18,
R441,林威廷,右投右打,1989/08/16,
N021,赤堀大智,右投右打,1987/04/13,AKAHORI Daichi
L021,江泰權,右投右打,1960/10/26,
R564,徐睿擇,右投左打,1988/01/26,
G005,楊騏嘉,右投右打,1979/02/10,
G062,田家安,左投左打,1979/08/22,
T031,哥雅,左投左打,1962/11/06,Leonardo Garcia
SB29,陽耀勳,左投左打,1983/01/22,
z102,詹智堯,左投左打,1983/01/02,
A053,霍格斯,右投右打,1977/03/25,Jose Vargas
W082,米樂,右投右打,1969/01/13,Orlando Miller
B054,法西斯,右投右打,1970/04/24,Fransico Martines
L0N1,大衛,左投左打,1982/04/22,David Purcey
k538,陳麒源,右投右打,1994/09/17,
N177,茶谷健太,右投右打,1998/01/16,Chatani Kenta
B092,萬建榮,右投右打,1976/10/10,
L029,陳耿佑,右投右打,1966/01/03,
E0J9,陳家駒,右投左打,1989/04/07,
N073,重信慎之介,右投左打,1993/04/17,SHIGENOBU SHINNOSUKE
T082,林禮雄,右投右打,1974/07/08,
W081,喬登,左投左打,1970/06/27,Ricardo Jordan
D059,邁可,右投左打,1965/06/13,Mike Pitz
R673,曾琮萱,右投右打,1987/10/01,
B0B2,金勇,右投右打,1971/09/05,Aquiles Sera
T074,趙威,左投左打,1967/11/20,Fred Dabney
H229,高國麟,右投右打,1993/01/02,
R288,劉建宏,右投右打,1985/11/23,
L057,徐育鉉,右投右打,1967/05/20,
B028,王傳家,左投左打,1971/06/26,
R414,林煜清,右投左打,1988/12/29,
R584,莫生政,右投右打,1988/03/29,
k319,尹犁耘,右投右打,1990/02/22,YOON Yeo Woon
N013,猪本健太郎,右投右打,1990/12/25,INOMOTO Kentaro
N132,田村強,右投右打,1993/09/06,TAMURA TSUYOSHI
k454,陳重羽,右投右打,1995/09/14,
R048,鄭凱明,右投右打,,
C064,池田郁夫,左投左打,1974/06/22,Ikeda Ikuo
B0F0,馬提茲,右投右打,1978/11/03,Anastacio Martínez
R092,林紹凱,右投右打,1982/10/28,
R280,吳國豪,右投右打,1988/06/30,
W058,黃貴裕,右投右打,1975/03/04,
k546,比爾,右投右打,1993/08/02,EVAN GREER BEAL
T044,高明,右投右打,1966/01/19,Kevin Coffman
A0D3,許銘傑,右投右打,1976/12/01,
A062,黃俊中,右投右打,1982/04/25,
B085,郭耀文,左投左打,1977/11/01,
R493,謝炫任,左投左打,1986/02/06,
T042,特力,左投左打,1970/11/05,Terry  Rosenkranz
H403,施智瑋,右投右打,1991/02/17,
C032,喬治,右投右打,1959/10/23,George Hinshaw
D029,張見發,右投右打,1962/01/02,
G051,魔拉,右投右打,1973/05/31,Francisco Morales
R218,涂信義,左投左打,1987/12/03,
H028,潘耀傑,右投右打,1993/04/21,
R196,吳名程,右投右打,1987/04/21,
E0G9,麥特,左投左打,1975/06/08,Matt Perisho
R687,林駿融,右投右打,1995/02/25,
H510,王躍霖,右投右打,1991/02/05,
W0E3,德瑞克,左投左打,1981/06/06,Derrick Van Dusen
L0E6,馬力,左投左打,1974/06/30,Oswaldo Mairena
R336,郭湳德,右投右打,1984/11/11,
k316,金廷勳,右投右打,1991/10/02,KIM Jeon Ghun
R666,風聖國,左投左打,1990/04/01,
D087,克拉克,左投左打,1969/02/10,Tim Clark
E0J1,湯瑪仕,左投左打,1977/10/12,Brad Thomas
B0I5,蔡友達,右投右打,1990/05/16,
L0L6,拿狄,左投左打,1976/02/24,Randy Keisler
R515,鄧伊善,右投右打,1990/03/12,
R654,李柏霖,右投右打,1992/01/19,
N043,岡本和真,右投右打,1996/06/30,OKAMOTO KAZUMA
B0F3,奇威,右投右打,1977/01/18,Franklin Nunez
W0D2,邱俊文,右投右打,1980/03/10,
G068,馬力歐,右投右打,1975/09/24,Mario Encarnacion
k330,張暎錫,右投右打,1990/05/15,JANG Young Suk
R637,劉聖侖,右投右打,1991/09/27,
B0J0,飛克,右投右打,1985/11/20,Charles Joseph Fick JR
L097,馬奇,左投左打,1968/04/09,Daniel  Magee
R415,吳昇峰,右投右打,1987/07/28,
A089,強森,右投左打,1975/10/03,Mike Johnson
A099,酷力士,左投左打,1973/01/28,Jacob Cruz
A090,霸漢,左投左打,1974/10/13,Gary Burnham
W085,小桧山雅仁,右投右打,1969/05/07,Kohiyama Masahito
R690,李文傑,右投右打,1994/09/27,
R421,張政憲,右投右打,1984/12/07,
L055,馬力龍,左投左打,1955/06/06,Angel Moreno
R492,張榮勝,右投右打,1986/03/26,
E040,雷蒙,右投右打,1969/12/09,Ramon Garcia
A0B0,奔薩,左投右打,1977/03/15,Adrian Burnside
R575,羅國華,右投右打,1986/11/08,
G065,山崎友和,右投右打,1974/04/22,Yamazaki Tomokazu
L0D5,威森,右投右打,1970/02/04,John Frascatore
E082,胡力安,右投右打,1968/05/24,Julian Vasquez
D035,馬斯,右投右打,1964/07/25,Mathis Huff
A069,卡猛士,右投左打,1971/10/14,Midre Cummings
R308,曹志培,右投右打,1988/11/17,
k410,哈和爾,右投右打,1993/09/22,HUIJER LARS
E089,哈特曼,左投左打,1971/05/13,Peter Hartman
E0A6,張士凱,左投左打,1977/01/17,
A063,陳金鋒,右投右打,1977/10/28,
N001,伊藤祐介,左投左打,1990/10/20,ITOH Yusuke
L0L0,戴爾,左投左打,1983/07/06,Ryan Edell
R024,高俊強,右投右打,1982/02/25,
R183,王建明,右投右打,1979/04/12,
N138,矢幡勇人,右投右打,1990/05/23,YAHATA HAYATO
E062,史考特,右投右打,1967/08/19,Scott Fredrickson
H381,邱桎瑋,右投右打,1991/01/28,
W057,何紀賢,左投左打,1976/10/12,
T080,洪邦政,右投右打,1974/02/16,
R253,方克偉,右投右打,1988/05/10,
L0M0,邦勝,右投右打,1981/10/14,Boof Bonser
R574,卓鉦育,右投左打,1988/07/15,
E011,勃朗,右投左打,1955/10/29,Darrell Brown
L080,安迪,左投左打,1968/11/09,Andy Carter
A0C2,波拉斯,左投左打,1981/04/08,Brian Burres
T052,賀西,左投左打,1971/09/05,Jose Lara
W0F3,卡洛斯,右投右打,1974/04/05,Carlos Villalobos
R156,曾俊彥,右投右打,1982/01/30,
E0H2,伊代野貴照,右投右打,1980/10/29,Iyono Takateru
L086,布雷特,左投左打,1968/12/25,Scott Bullett
E0C8,中込伸,右投右打,1970/02/16,Nakagomi Sin
A0B8,迪薩猛,右投右打,1980/09/11,Matt DeSalvo
L0G8,路易,右投左打,1979/02/15,Luis Ugueto
k425,黃恩賜,右投左打,1996/05/17,
B0E9,正田樹,左投左打,1981/11/03,Shoda Itsuki
T086,賀斯,左投左打,1972/11/09,Jose Centeno
T043,秘力,左投右打,1961/03/10,John  Miglio
T098,偉來,右投右打,1970/02/25,Jose Viera
D049,黃文博,右投右打,1971/10/29,
L023,吳林煉,左投右打,1968/04/22,
R025,方宏哲,右投右打,1982/07/31,
E0A4,林明憲,左投左打,1977/03/29,
N057,古川侑利,右投右打,1995/09/08,FURUKAWA YURI
R272,王勝偉,右投右打,1984/04/01,Haro Ngayaw
L0J8,桑奇斯,左投左打,1974/10/11,Jesus Sanchez
T0A0,柏格,左投左打,1967/08/02,John  Burgos
R248,沈昌敏,右投右打,1987/11/20,
L0M7,陳韻文,右投右打,1995/11/28,
k349,里厚,左投左打,1988/11/25,Cristian RIJO
E0K2,科龍,右投右打,1979/08/13,Roman Colon
R664,伍家徵,右投右打,1989/12/04,
B0E7,麥迪生,右投右打,1980/06/21,Kieran Mattison
A019,孟憲政,右投右打,1977/01/24,
L0H0,凱斯特,右投右打,1971/12/01,Tinothy Kester
R504,蔡萬霖,右投右打,1988/05/12,
R380,盧昱凱,右投右打,1986/10/26,
L0C9,王志忠,左投左打,1978/01/02,
R563,吳俊逸,右投右打,1990/01/30,
R699,簡宇,右投右打,1995/04/03,
G009,陳世峰,右投右打,1978/01/02,
N165,佐藤世那,右投右打,1997/06/02,Sato Sena
W050,石金受,右投右打,1974/09/26,
R322,張鎧巖,右投右打,1989/05/27,
B0J8,張冠廷,右投左打,1998/09/01,
L001,鄭百勝,左投左打,1960/11/19,
R296,郭瑞穎,右投右打,1986/07/28,
L0I6,瑞琦,右投右打,1975/02/28,Ricky Stone
C041,大瑞,右投左打,1959/05/17,Pascual Perez
R013,楊明忠,右投右打,1980/08/16,
R509,劉權和,右投右打,1986/11/19,
R259,許秦瑋,左投左打,1983/08/31,
R105,呂佳泰,右投右打,1980/05/12,
G042,卡洛斯,右投右打,1973/06/03,Carlos Montane
C034,川島堅,右投右打,1969/07/20,Kawashima  Ken
R440,余書農,左投左打,1983/06/24,
R235,郭永維,右投右打,1988/04/13,
T087,薛富中,右投右打,1976/10/01,
k439,陳宗鈺,右投右打,1996/09/19,
N091,古澤勝吾,右投右打,1996/09/05,FURUSAWA SHOGO
L0I3,葛雷,右投右打,1980/03/01,Gregory Wiltshire
L0N9,郭力瑋,右投右打,1997/01/10,
B060,歐峻男,左投左打,1968/08/16,
R307,郭仁傑,右投右打,1988/11/17,
k445,張皓緯,右投右打,1994/12/13,
R694,許禹壕,右投右打,1994/11/29,
L032,汪俊良,右投右打,1963/12/18,
D094,麥特,右投右打,1967/02/18,Matthew Turner
A0C9,猛德拉,右投右打,1980/08/11,
B016,李斯特,右投右打,1959/10/10,Lester Strater
k277,拉米瑞茲,右投右打,1992/04/28,Freidderix Ramirez Batista
T099,戰玉飛,右投右打,1966/07/23,Lenin Picota
z106,史密斯,左投左打,1983/12/22,Greg Smith
W021,石力夫,右投右打,1967/08/01,Steve Penko
B027,威爾,左投左打,1967/11/23,William Flynt
R633,羅國禎,右投右打,1980/11/05,
R538,邱文輝,右投右打,1989/08/20,
k495,宋祐賢,左投左打,1996/12/27,SONG WOO HYUN
T0A8,百吉,右投右打,1968/05/21,Steve Apegues
B0A1,安生,右投右打,1974/03/24,Fred Anson
R585,鄭宇神,右投右打,1989/05/18,
k470,李允學,右投右打,1994/06/18,LEE YUN HAK
H240,潘志芳,右投左打,1990/11/12,
R055,林揚智,左投左打,1984/07/04,
W0E5,沙拉登,右投右打,1975/03/22,Miguel Saladin
N166,鈴木優,右投右打,1997/02/05,Suzuki Yu
H243,戴如量,右投右打,1992/02/06,
T024,帝孟,右投右打,1967/08/06,Timothy  Delgado
L0L9,義凡,左投左打,1982/11/04,Evan MacLane
R093,陳志高,右投右打,1984/06/15,
D083,豪野,右投右打,1970/02/21,Javier DelaHoya
H015,王政浩,右投右打,1989/09/25,
R429,邱俊霖,右投右打,1984/04/17,
R451,黃涵裕,右投右打,1986/09/02,
D062,大威,右投右打,1968/09/11,David Matthew
k477,卞珍洙,右投右打,1993/04/01,BYEON JIN SU
L0F8,萬能,右投右打,1973/06/10,Julio Manon
D011,黃嘉育,右投右打,1963/02/20,
R556,陽政達,右投右打,1987/02/10,
k428,黃子鵬,右投左打,1994/03/19,
T010,中井伸之,右投右打,1971/07/30,Nakai Nobuyuki
R549,林佳儒,右投右打,1990/04/25,
W0A9,葉長龍,左投左打,1980/02/01,
E017,陳義信,右投右打,1963/08/15,
E021,派瑞,右投右打,1960/01/28,Valerio Perez
W011,歐力士,左投左打,1964/03/11,Otis Green
E076,陳谷源,右投右打,1975/09/24,
W001,高建三,右投右打,1973/11/05,
E0G8,阿布多,左投左打,1978/06/10,Carlos Rivera
k573,朴峻杓,右投右打,1992/06/26,PARK JUN PYO
H400,陳品捷,右投左打,1991/07/23,
D020,史塔克,右投右打,1965/01/25,Matthew  Stark
E016,大羅曼,右投右打,1963/05/21,Jose Roman
k348,康特雷拉斯伊凡,右投左打,1987/01/03,Ivan CONTRERAS
k390,李城坤,右投左打,1992/03/25,LEE SUNG KON
L0I7,海克曼,右投右打,1974/10/06,Luther Hackman
k504,王尉永,右投右打,1995/09/18,
L0F7,顏淳浩,左投左打,1979/12/30,
N128,松本桃太郎,右投左打,1994/11/11,MATSUMOTO MOMOTARO
A0E1,泰霸,右投右打,1983/10/17,Mitchell R. Talbot
R087,陳意忠,右投右打,1982/10/23,
W0D9,洛可,左投左打,1976/12/27,Mike Lockwood
N082,横山雄哉,左投左打,1994/02/21,YOKOYAMA YUYA
T067,蔡豐安,右投右打,1975/11/20,
R608,溫元川,右投右打,1986/06/30,
k462,王正棠,右投左打,1995/09/17,
L0A6,李錦華,左投左打,1977/10/10,
k592,張真爀,右投左打,1993/09/30,JANG JIN HYUK
W069,泰甘力,左投左打,1960/12/25,Telmanch Gainey
H534,林知譽,右投右打,1993/03/30,
B0I9,何南德,右投右打,1986/05/21,Gabriel Hernandez
H108,邱浩鈞,右投右打,1990/12/29,
B058,金炯均,右投右打,1969/05/14,
R454,鄧志永,右投右打,1985/12/25,
A067,米那亞,右投右打,1977/07/30,Pedro Minaya
W034,李維拉,右投右打,1969/11/01,Bienvenido Rivera
L0N0,賈斯汀,左投左打,1984/01/18,Justin Thomas
k338,亞里亞斯,右投右打,1987/03/17,Santo ARIAS
T066,呂嘉明,右投右打,1974/08/19,
T069,利多,右投右打,1966/12/02,Lino Rivera
R569,楊勝智,右投左打,1990/07/22,
k422,賽爾登,右投左打,1994/11/12,SHELDON BRYAN
D040,哈里士,右投右打,1968/08/12,Reglnald Harris
L0N4,林子崴,左投左打,1995/09/17,
R052,潘俊榮,左投左打,1983/01/02,
R464,葉景川,右投左打,1987/11/14,
N126,北川利生,右投右打,1993/05/11,KITAGAWA RIO
L0O5,道恩斯,左投右打,1984/12/26,Darin Downs
R425,古志忠,右投右打,1982/01/29,
R001,翁再生,右投右打,1982/01/29,
A093,雷克斯,右投右打,1977/01/22,Aaron Rakers
R119,洪健斌,右投右打,1985/09/03,
N061,福地元春,左投左打,1990/06/21,FUKUCHI MOTOHARU
E002,洪一中,右投右打,1961/05/14,
N108,大野亨輔,右投左打,1993/11/21,ONO KYOSUKE
W0C7,王俊仁,右投右打,1981/06/21,
G087,聖地牙哥,右投右打,1974/11/15,Jose Santiago
R620,江子健,右投左打,1988/04/14,
L0M9,華納,右投右打,1984/03/21,Warner Madrigal
L0H4,巴斯,左投左打,1974/06/22,Jason Bass
k446,蘇智傑,右投左打,1994/07/28,
G094,羅德,左投左打,1974/12/18,Jose Rodriguez
W079,莊旻哲,右投右打,1978/03/21,
R503,陳樹貴,右投左打,1988/09/17,
B004,張建勳,右投右打,1972/11/21,
W014,葉多力,右投右打,1966/10/30,Ettles Edward
E0H7,曾秉緯,右投右打,1984/09/14,
R275,陳宗宏,右投左打,1983/12/19,
k391,金到炫,右投右打,1992/10/23,KIM DOHYUN
H072,陳詠曜,右投右打,1990/12/15,
W028,郝犀力,右投右打,1968/04/27,Jose Garcia
R531,何信賢,左投左打,1986/04/14,
R551,鄭瑋豪,右投右打,1988/01/14,
E0M3,耐森,右投右打,1986/02/09,Nathan Long
G041,克萊柏,右投右打,1976/12/04,Kleber Ojima
E0J5,真田裕貴,右投右打,1984/02/07,Sanada Hiroki
D060,凱撒,右投右打,1968/05/11,Michael Garcia
k268,胡安,左投左打,1985/02/14,Pascual JUAN
k583,李玹碩,右投右打,1992/06/07,LEE HYUN SEOK
D070,賀林,右投右打,1970/12/23,Hollinger Adrian
Z108,拿威,左投左打,1989/11/15,Efrain Nieves
E0M1,歐文,左投左打,1987/12/18,
B0A8,泰勇,右投右打,1974/11/18,Maximo Repolado
N133,増川航太,右投右打,1993/07/11,MASUKAWA KOTA
k336,薩維里諾,左投左打,1975/08/06,Ronis SEVERINO
z129,朴燦都,右投左打,1989/02/22,PARK CHAN DO
R360,林筱安,右投右打,1987/01/17,
K238,松本竜也,左投左打,1993/04/29,MATSUMOTO Ryuya
k311,任基準,左投左打,1991/10/08,LIM Ki Jun
A008,王俊文,右投右打,1977/12/19,
R568,謝榮豪,右投右打,1990/07/09,
R180,林立偉,右投右打,1978/11/18,
N054,與那原大剛,右投右打,1998/03/09,YONAHARA HIROTAKA
k566,迪乎里歐,右投右打,1989/08/22,FRANK DEJIULIO JR
G012,林義翔,右投右打,1977/09/28,
k440,高宇杰,右投右打,1997/07/17,
B000,麥克,右投右打,1964/08/01,Michael Bosco
k464,王崇穎,右投左打,1996/10/30,
Z104,嚴宏鈞,右投左打,1997/04/30,
R166,李福源,右投右打,1982/12/13,
E0B7,王金勇,右投右打,1975/11/27,
T004,童琮輝,右投右打,1968/11/20,
R398,林宥穎,右投右打,1987/03/08,
k397,塞佩達斯,右投右打,1994/01/14,CESPEDES LEONEL
R096,蘇耀祖,右投右打,1984/12/21,
A0C7,朱俊祥,右投左打,1995/04/15,
A0F6,史博威,右投左打,1989/09/11,Zeke Spruill
R530,陳雁風,右投右打,1986/08/22,
B075,劉忠岳,右投右打,1970/08/08,
R238,黃義山,右投右打,1986/11/12,
W0A3,王國進,右投右打,1981/02/21,
B0C1,黑拔都,右投右打,1977/02/09,Geraldo Padua
R616,林旺億,右投右打,1988/06/28,
B0H3,馬克,右投右打,1984/06/29,Matt Torra
R245,高鵬翔,右投左打,1987/03/24,
H529,吳東融,右投右打,1991/09/29,
L070,羅得,右投左打,1966/04/14,Fredinand Rodriguez
H199,陳冠儒,左投右打,1991/07/09,
R066,顏志中,右投右打,1981/10/11,
N106,鈴木健矢,右投左打,1997/12/11,SUZUKI KENYA
B0A7,楊進雄,右投左打,1977/09/12,
E0K0,林威助,左投左打,1979/01/22,
B0G9,希克,左投左打,1983/01/13,Andrew Sisco
G0A5,麥克,右投右打,1977/01/03,Mike Crudale
R437,王泓凱,右投右打,1983/11/25,
B0C5,克提茲,右投右打,1972/09/04,Jorge Cortez
W077,陳健偉,右投左打,1977/12/16,
R439,洪偉翔,右投右打,1989/01/20,
D031,多力,右投右打,1961/02/03,Freddie Toliver
R679,黃偉晟,右投右打,1990/03/06,
R567,李國生,右投右打,1989/10/31,
C056,丹尼,右投右打,1967/04/03,Danny León
C000,陳慶國,左投左打,1974/09/29,
H352,林宗謙,左投左打,1991/07/29,
A0D5,郭勝安,右投右打,1986/01/01,
A036,艾弗勒斯,左投左打,1977/01/22,Rafael Alvarez
N094,溝脇隼人,右投左打,1994/05/17,MIZOWAKI HAYATO
T038,周德賢,右投右打,1969/11/10,
k544,李,左投左打,1990/09/20,BRETT LEE
B073,麥克,左投左打,1969/02/13,Michael Mimbs
R537,林根緯,右投右打,1986/03/26,
N114,高橋拓已,左投左打,1994/06/20,TAKAHASHI TAKUMI
E059,邱麒璋,右投右打,1971/10/22,
L090,雷歐斯,右投右打,1972/10/13,Eduardo Rios
R702,呂彥青,左投左打,1996/03/10,
H296,胡佩華,右投右打,1992/06/05,
R182,許人介,右投右打,1980/09/24,
E0I8,陳弘桂,右投右打,1988/10/11,
R572,杜嘉瑋,右投左打,1990/01/12,
k511,陳韋奇,右投右打,1994/10/15,
R043,許智強,右投右打,1979/12/12,
B0I3,賈西亞,右投右打,1976/10/06,Freddy Garcia
R047,王豐鑫,右投右打,1983/03/04,
L0C6,路易士,左投左打,1973/09/29,Luis Arroyo
k502,鄭浩均,右投右打,1997/09/17,
H375,陳衍瑞,右投右打,1992/09/25,
R691,張竣凱,右投右打,1994/12/05,
N141,谷岡竜平,右投右打,1996/03/21,Tanioka Tappei
B062,金砂掌,右投右打,1968/12/14,Jody Treadwell
D056,摩爾,右投右打,1964/06/21,Brandley Moore
R394,林柏佑,右投右打,1986/09/16,
R325,李濠任,右投右打,1986/08/26,
R286,吳宗峻,左投左打,1984/12/31,
E0L0,佩卓,右投左打,1986/09/12,Jaime Pedroza
W0C4,博德,右投右打,1980/05/13,Bradley Purcell
R381,王志昌,右投右打,1983/02/01,
B080,艾比盈,右投右打,1971/01/16,Matthew Apana
A0C3,史奈德,左投左打,1985/07/20,Benjamin Snyder
L0K3,格林,右投右打,1974/11/01,Ryan Glynn
k531,波拉克,右投右打,1992/08/15,Kyle Pollock
k403,凡巴尼,右投右打,1997/02/28,FABIANI DIEGO
H516,楊仕胤,右投右打,1990/11/27,
R006,林宗男,右投右打,1981/12/04,
W086,中山裕章,右投右打,1967/11/04,Nakayama Hiroaki
C037,張正憲,右投右打,1967/02/08,
D0A6,哈威爾,右投右打,1970/02/06,Javier Cruz
R242,羅政龍,左投左打,1987/03/07,
k438,姚冠瑋,右投右打,1991/03/18,
R206,郭修延,右投右打,1986/06/09,
N142,坂本工宜,右投右打,1994/08/19,Sakamoto Koki
W020,洛基,左投左打,1977/06/12,Wilfredo Rodriguez
R626,江俊傑,右投右打,1988/07/14,
R136,許峰賓,右投右打,1985/10/25,
C047,馬力,右投右打,1973/08/27,Sangilbert  Mario
E028,葛雷諾,右投左打,1966/04/06,Epifanio  Guerrero
R102,孟劭穎,左投左打,1987/01/26,
A0F1,葉家淇,左投左打,1997/05/23,
k563,歐利斯,右投右打,1994/05/04,WALKER OLIS
A056,黃小偉,右投右打,1981/07/28,
K237,徳山武陽,右投左打,1989/07/21,TOKUYAMA Takeaki
R590,翁克堯,右投右打,1988/02/15,
E0I9,卡雷洛,右投右打,1984/04/29,Cesar Carrillo
E063,孟雷迪,右投右打,1966/12/24,Meredith Sanford
E007,陳憲章,右投右打,1965/09/20,
H502,黃俊祥,右投右打,1990/09/14,
R193,蘇文彰,左投左打,1986/08/14,
L0F0,林登,右投右打,1965/02/09,Douglas Linton
L0D1,吉見宏明,右投左打,1978/10/25,Yoshimi Hiroaki
k513,簡廷安,左投左打,1993/09/09,
k266,裴瑞茲,左投左打,1989/10/18,Henry Alexander Perez
E085,豪威,左投左打,1969/08/31,Patrick Howell
R175,武立瑋,右投右打,1983/11/14,
R128,李明聰,右投右打,1985/01/28,
R511,陳嘉崇,右投右打,1988/06/07,
D089,郭一峰,右投右打,1976/03/24,
k400,迪多,右投右打,1995/12/07,DEOTTO ALESSANDRO
k523,普福,右投右打,1994/08/18,Eduard Pirvu
k505,施子謙,右投右打,1994/12/19,
R298,陳柏丞,右投右打,1987/07/08,
k413,默克力,右投右打,1994/08/20,MERCURI MATTIA
B012,湯尼,右投右打,1962/07/01,Tony Metoyer
R518,傅勁凱,右投右打,1990/02/05,
W0B5,王信民,右投右打,1979/04/15,
A088,霸龍,右投右打,1973/08/28,Kit Pellow
A091,飛鵬,右投右打,1980/07/02,Jermaine van Buren
R067,陳彥誌,右投右打,1984/07/26,
R148,李新邦,右投右打,1983/12/15,
C051,伯納德,右投右打,1963/12/03,Bernardo Brito
G072,周思齊,左投左打,1981/10/26,
H632,洪子傑,右投右打,1994/02/11,
B024,邦尼,左投左打,1964/06/18,Bernard Walker
B0G0,凱特,左投左打,1980/10/21,Troy Cate
R599,林政億,右投右打,1986/12/05,
A0C4,河本羅柏特,右投右打,1986/01/30,Kawamoto Robert
R239,王昱博,右投右打,1984/09/24,
k388,朴俊赫,右投左打,1991/01/09,PARK JUNHYUCK
C045,馬丁尼,右投右打,1971/01/04,Jose Martinez
k332,朴正音,左投左打,1989/04/15,PARK Jeong Eum
W0B1,丹尼,右投右打,1969/07/21,Danny Harriger
G067,拉米瑞茲,右投右打,1976/08/15,Ramirez Enrique
R383,郭堯龍,右投右打,1988/06/14,
R020,劉耿欣,右投右打,1982/01/24,
D0A2,羅培茲,右投右打,1975/04/08,Jose Lopez
B0C8,鄭閔韓,右投右打,1981/10/24,
H495,趙偉盛,左投左打,1991/10/22,
H387,楊聖恩,右投右打,1991/07/12,
R021,賴業安,右投右打,1982/10/17,
C016,郭建成,右投右打,1965/07/07,
A0E3,亞力士,右投右打,1988/02/08,Jonathan Arias
R453,鄭繼剛,右投右打,1984/10/14,
D072,喬坎那,右投左打,1965/08/01,George Canale
C019,李聰富,右投右打,1972/10/13,
A0A4,銳,右投右打,1974/11/27,Ken Ray
E0E6,陳智弘,右投右打,1978/12/11,
L013,羅國璋,右投右打,1965/09/16,
B019,黃杉楹,左投左打,1970/08/25,
W063,有働克也,右投右打,1969/09/24,Udo Katsuya
N005,柴田章吾,左投左打,1989/04/13,SHIBATA Shogo
C040,丹尼歐,右投右打,1963/07/22,Denio Gonzalez
L043,米克森,右投右打,1968/07/27,Lincoln Mikelsen
D057,鮑勃,右投左打,1958/11/08,Robert Moore
R606,許健利,左投左打,1986/08/14,
E0A3,胡立歐,右投右打,1974/05/18,Julio  Perez
R558,鍾凱華,右投右打,1989/12/07,
A027,尹景熙,右投右打,1980/08/12,Yun Gyong Hee
B011,金子勝裕,右投右打,1971/08/04,Kaneko Katsuhiro
E058,威廉,右投右打,1969/04/16,Jeff Williams
R225,楊吉平,右投右打,1981/03/24,
B0G4,林晨樺,右投右打,1988/12/16,
k335,金鎮率,右投右打,1990/09/25,KIM Jin Sol
R659,張耿維,右投左打,1987/08/19,
C050,李維,右投右打,1970/11/05,Carlos Rivera
N042,高橋周平,右投左打,1994/01/18,TAKAHASHI SHUHEI
R413,李金木,右投右打,1985/05/02,
G010,謝佳賢,左投左打,1976/04/08,
R003,許騰元,右投右打,1983/01/18,
R534,林椲紘,右投右打,1985/11/12,
k506,王詩聰,右投左打,1995/08/08,
R037,陳鉉綸,右投右打,1984/11/04,
T076,大衛,左投左打,1969/05/25,David Tokhgeim
D018,古滋曼,右投右打,1971/01/21,Johany Gozman
H305,楊志龍,右投右打,1993/04/07,
W0E1,貝克,右投右打,1975/05/26,Brian Becker
E0L1,布萊文斯,右投右打,1985/01/16,Bobby Blevins
N047,上林誠知,右投左打,1995/08/01,UEBAYASHI SEIJI
R317,陳偉漢,右投右打,1989/08/29,
R711,潘威丞,右投右打,1994/05/26,
N136,笹川晃平,右投右打,1994/04/21,SASAGAWA KOHEI
E0C6,邱信邦,左投左打,1978/10/30,
k405,法契歐拉,左投左打,1991/09/10,FRACCHIOLLA GIANNY
L093,史密茲,右投右打,1967/08/27,Willie Smith
D017,林俊賢,右投右打,1970/11/03,
R141,嚴家業,右投右打,1984/12/10,
E0C7,陳興昌,左投左打,1979/05/27,
B0K2,麥力戈,右投右打,1986/12/19,Scott McGregor
N182,渡辺勝,右投左打,1993/10/14,Watanabe Masaru
E0N1,王鴻程,右投右打,1991/09/08,
E013,弗雷特,右投右打,1966/12/01,Fred Costello
T0B8,銳奇,右投右打,1967/09/18,Dave Rithards
R412,劉育辰,右投右打,1985/02/03,
E081,大德,右投右打,1964/03/16,Todd  Michael
E024,周惠盛,右投右打,1962/12/26,
E0J4,米吉亞,右投右打,1988/01/19,Miguel Mejia
k543,賽里安奈斯,右投右打,1989/08/29,NICKOLAS SARIANIDES
k530,慕斯克,右投右打,1996/04/23,Martin Muzik
T072,克龍,右投左打,1969/01/03,Cristobal Martinez
R693,曾貫忠,右投右打,1995/06/16,
k401,迪克曼,右投右打,1996/06/14,DICKMAN LUCAS
W0F1,克里斯,右投右打,1981/08/24,Chris Mowday
A055,韋德,右投右打,1975/07/08,Wade Travis
R598,林家瑋,左投左打,1987/03/28,
A094,戈登,右投右打,1980/06/12,Nate Gold
R061,孫建傑,右投右打,1984/09/20,
H250,潘庭豐,左投左打,1992/12/31,
B0J3,石翔宇,右投右打,1996/11/01,
R593,黃梓育,右投右打,1989/03/31,
B0C0,余賢明,左投左打,1980/03/21,
R059,林建男,左投左打,1983/05/29,
C061,魯賓,右投右打,1970/03/07,Ruben Santana
R075,劉奕志,右投右打,1979/12/27,
L010,羅曼,右投右打,1964/06/18,Miguel Roman
L025,來旺,右投右打,1969/01/18,Cesar Bernardo
L0C4,喬伊,右投右打,1976/03/24,Joe Davenport
A021,歐斯納,右投左打,1974/07/11,Rafael Ozuna
E006,陳逸松,右投右打,1962/12/04,
R462,盧劭禹,右投右打,1987/12/16,
B0B8,李國慶,右投右打,1980/10/10,
B0J9,申皓瑋,右投右打,1997/09/12,
R396,鄭凱文,右投右打,1988/07/26,
H297,王翔鷹,右投右打,1992/02/07,
R118,黃振宇,右投右打,1987/04/09,
H773,余俊葦,右投右打,1992/03/14,
L079,羅漢,右投左打,1969/05/23,Ramon Caraballo
R016,林正豐,右投右打,1982/12/26,
W0A2,索沙,右投右打,1975/08/19,Juan Sosa
E030,張永昌,右投右打,1958/09/03,
B0H8,范玉禹,右投左打,1995/04/27,
T064,林岳亮,右投右打,1973/03/01,
A057,力拿,右投右打,1972/11/25,Elvin Nina
R705,黃緯麟,右投右打,1993/11/17,
B0F4,高津臣吾,右投右打,1968/11/25,Takatsu Shingo
T071,愛力生,右投右打,1971/08/03,Emison Soto
k418,瑞特,右投右打,1995/04/26,RIETEL MAICKEL
C089,黃俊傑,右投右打,1967/08/12,
R082,連榕修,右投右打,1983/03/14,
E0I6,威奇,左投右打,1983/06/02,David Welch
L026,曹竣崵,右投右打,1976/03/29,
R704,蘇俊嘉,右投右打,1994/09/21,
G097,金大宇,右投左打,1984/07/26,
L031,郭進興,右投右打,1963/11/10,
A007,陳昭穎,右投右打,1983/04/02,
H411,王于文,左投左打,1990/11/28,
k329,黃潤琥,右投右打,1993/09/22,HWANG Yun Ho
L0A3,吳佳榮,右投右打,1977/11/19,
R227,楊展旭,右投右打,1985/06/12,
L077,雷蒙,右投右打,1968/01/20,Ramon Manon
B057,寶時捷,右投左打,1971/05/23,Marshall Boze
D078,陶德,右投右打,1969/06/28,Todd Renving
N135,長谷川拓真,右投右打,1992/05/13,HASEGAWA TAKUMA
k542,貝克,左投左打,1991/06/13,NOLAN BECKER
N067,山本泰寛,右投右打,1993/10/10,YAMAMOTO YASUHIRO
k517,克利門特,右投右打,1998/02/18,Nicolo Clemente
D009,李安熙,右投右打,1964/11/10,
L0C7,龍瑞,右投右打,1980/02/26,Israel Lomeli
W098,美樂,右投左打,1976/10/11,Juan Melo
B064,力拔山,右投右打,1970/09/02,Alvin Brown
L014,陳文賓,右投右打,1973/10/05,
H044,王柏融,右投左打,1993/09/09,
z150,墨非,右投左打,1988/04/06,John Murphy
L059,哈山,右投右打,1971/05/26,Jesus Hernandez
k494,朴俊太,右投左打,1991/07/26,PARK JUN TAE
k315,徐眞勇,右投右打,1992/10/02,SEO Jin Yong
R404,林瀚,右投右打,1985/01/24,
R366,李政翰,右投右打,1985/11/13,
R640,傅達新,右投右打,1989/10/26,
k415,諾古拉,右投左打,1991/01/10,NOGUERA FREDDY
T056,康迪,右投右打,1966/10/28,Argenis Conde
R151,買嘉瑞,右投右打,1987/02/25,
T065,吳世賢,左投左打,1968/04/30,
W0C8,神龍,右投右打,1981/06/21,
R184,夏嘉良,右投左打,1984/01/29,
G060,萊恩斯,右投右打,1975/05/20,Michael Lyons
R665,張志強,右投左打,1989/12/21,
k493,林財玄,右投右打,1991/05/29,LIM JAE HYEON
k453,詹子賢,右投右打,1994/02/24,
W0E9,郭建宏,右投右打,1981/04/10,
B071,凱爾,左投右打,1970/09/21,Robert  Kell
L0A5,蘇煒智,右投右打,1975/11/18,
L053,長紅,左投左打,1965/01/04,Kevin Wickander
N031,今村信貴,左投左打,1994/03/15,Imamura Nobutaka
L0M4,吳國豪,右投右打,1996/01/09,
C009,美樂,右投右打,1965/08/26,Steve Stowell
D019,李仲弘,左投左打,1964/10/02,
L087,黃甘霖,右投右打,1975/03/12,
B0B1,鐵木真,左投左打,1973/10/15,Timothy Young
R189,雷凱迪,右投右打,1984/12/30,
R283,蘇袁億,右投左打,1985/07/29,
R221,施銘傳,左投左打,1985/08/26,
N038,張本優大,右投右打,1990/10/13,HARIMOTO MASAHIRO
L0I1,布萊恩,右投右打,1978/02/28,Brian Reith
E067,奧力偉,右投右打,1971/03/03,Jose Oliva
L040,司大德,右投右打,1963/03/05,Scott Diez
L054,賓漢,右投右打,1963/02/07,Bienvenido Figueroa
C063,馬克,右投右打,1966/07/21,Mark Zappeli
R204,李建慶,左投左打,1980/11/12,
D073,漢銳,右投右打,1962/02/16,Dwayne Henry
B025,金鐘國,右投右打,1972/09/25,Kim Jong Guk
E0H4,麥克,右投右打,1977/09/19,Mike Smith
R449,黃柏揚,右投左打,1989/07/19,
A0D7,林樺慶,右投右打,1994/10/03,
L0N5,江亮緯,右投右打,1996/12/21,
D003,郭建霖,右投右打,1965/05/21,
R244,張志豪,右投左打,1987/05/15,
R417,郭峰駿,右投右打,1988/11/05,
H410,蘇緯麟,右投右打,1991/01/06,
E065,祈美力,右投右打,1967/07/27,Joel Chimelis
W031,李逸楠,右投右打,1967/11/23,
L037,陳政賢,右投右打,1967/02/11,
R209,莊智捷,右投右打,1978/03/17,
E026,王光輝,右投右打,1964/11/12,
G038,賀南德茲,左投左打,1970/09/19,Jose Hernardez
B034,林朝煌,右投右打,1969/08/17,
k373,宋周殷,右投右打,1994/03/25,SONG JUEUN
B006,陳威成,右投右打,1966/05/24,
R306,施博詠,右投右打,1988/03/09,
B074,王崇耀,右投右打,1976/07/23,
N076,山崎晃大朗,左投左打,1993/08/11,YAMASAKI KOTARO
H435,朱育賢,左投左打,1991/11/26,
k554,卡斯莫爾,右投右打,1986/09/19,RYAN KUSSMAUL
k557,羅莎,右投右打,1992/09/19,ANGEL ROSA
k414,米尼歐,右投左打,1994/07/23,MINEO ALBERTO
B0J2,彭世杰,右投右打,1996/11/13,
D067,蔡昆祥,右投右打,1974/01/19,
E041,陳懷山,右投左打,1974/09/18,
W092,杉山直樹,右投右打,1969/09/03,Sugiyama Naoki
G069,林恩宇,右投右打,1981/03/25,
B0J1,林政賢,左投左打,1995/09/13,
R371,謝明翰,右投右打,1989/02/20,
R389,孫健傑,右投右打,1984/09/20,
E088,蕭任汶,右投右打,1973/08/15,
E092,龐德,右投右打,1967/09/20,Edward Ponte
R618,王寶篁,右投右打,1988/07/14,
A020,蔡士凡,右投右打,1976/10/03,
W0F6,亞伯汗,右投左打,1977/02/05,Abraham Nunez
D076,許聖杰,右投右打,1975/05/16,
k451,林勝傑,右投左打,1995/04/23,
k552,紐威爾,右投右打,1991/06/18,RYAN NEWELL
N163,中村晨,右投右打,1997/08/08,Nakamura Shin
C059,羅曼,右投右打,1973/09/06,Manuel Roman
A097,雷恩斯,右投左打,1979/08/31,Tim Raines Jr.
k309,梁訓,右投右打,1986/05/29,YANG Hoon
R350,黃智培,右投右打,1987/11/16,
L078,羅克,右投右打,1966/09/13,Cario Dela
R211,吳韋翰,右投右打,1982/07/19,
k386,黃大仁,右投右打,1996/02/10,HWANG DAEIN
L0J2,羅倫佐,左投左打,1975/10/06,Valerio de los Santos
R224,康哲瑋,右投右打,1983/09/27,
A068,荒川祐輔,右投右打,1978/03/26,
G099,卡斯帝,右投右打,1975/04/21,Carlos Castillo
B039,甘炳勳,左投左打,1971/05/25,
H153,蔡益民,左投左打,1990/10/22,
R508,蔡孟修,右投右打,1990/05/13,
k522,普瑞茲,右投右打,1991/02/08,Aneres Perez
G053,艾瓦多,右投右打,1978/01/24,Giancarlo Alvarado
k262,馬賽迪斯,右投右打,1988/12/17,Raffy Macgyber Mercedes Luis
R240,郭仲倫,右投右打,1988/09/12,
k509,范國宸,右投右打,1994/11/25,
k342,康特雷拉斯霍黑,右投右打,1993/10/07,Jorge CONTRERAS
N027,岡本健,右投右打,1992/10/29,OKAMOTO KEN
L0K8,鎌田祐哉,右投右打,1978/11/30,Kamada Yuya
N203,根本薰,左投左打,1998/07/29,Kaoru Nemoto
L0G2,班尼歐,右投右打,1976/08/31,Jose Espinal
R309,楊竣凱,左投左打,1985/03/29,
W056,岡薩力士,右投右打,1966/02/06,Jesus Gonzalez
R233,蔡宗頤,右投右打,1988/01/20,
k459,賴清榮,右投右打,1996/07/13,
H307,黃勝雄,左投左打,1990/12/03,
D068,派克,右投右打,1970/10/20,Joe Petcka
k482,金起賢,左投左打,1989/04/03,
H468,鄭佳彥,左投左打,1992/07/29,
N167,竹安大知,右投右打,1994/09/27,Takeyasu Daichi
R112,朱翊華,右投右打,1986/10/26,
R149,程重叡,右投左打,1982/09/26,
E022,努那,右投右打,1965/12/29,Dario Nunez
G001,黃欽智,左投左打,1978/01/18,
R700,鄭皓達,右投右打,1988/11/30,
W0B2,李俊,左投左打,1977/07/17,Lee Jun
E0C2,養父鉄,右投右打,1973/06/26,Yofu Tetsu
k408,佐高福克,右投右打,1995/11/20,GOJKOVIC KRUNO
R291,胡偉民,右投右打,1985/03/01,
G026,羅培茲,右投右打,1975/04/04,Juan Lopez
E044,林百亨,右投右打,1961/12/25,
R442,陳俊諺,右投右打,1988/04/24,
H372,劉時豪,右投左打,1991/03/21,
k499,吳冠宇,右投右打,1995/07/11,
A0E5,神盾,左投左打,1983/10/13,Chris Seddon
L027,王漢,右投右打,1964/01/13,Jose Nunez
L0L5,馬卡龍,右投左打,1981/02/07,Michael McClung
R615,施凱翔,右投右打,1990/06/13,
R573,石孝榮,右投右打,1988/03/09,
R426,楊冠毅,右投右打,1985/02/17,
R517,薛惟中,右投右打,1990/06/29,
k476,李仁馥,右投右打,1991/06/18,LEE IN BOK
R137,吳鴻毅,右投右打,1985/11/13,
k395,安德烈歐茲,右投右打,1993/04/01,ANDREOZZI MILVIO
E0I3,增菘瑋,右投右打,1984/12/28,
L049,楊格,右投右打,1975/05/27,Ray Young
R262,郭俊佑,右投右打,1984/04/20,
W089,曾漢州,右投左打,1978/02/05,
E0L7,伍鐸,右投右打,1986/10/24,Bryan Woodall
K288,上野啟輔,右投右打,1986/03/06,Ueno Keisuke
B0I6,楊智喬,右投右打,1995/12/27,
W033,馬來寶,右投右打,1973/04/24,Carlos  Mirabal
T0B6,足利豊,右投右打,1968/10/15,Yutaga Ashigawa
K235,島本浩也,左投左打,1993/02/14,SHIMAMOTO HIROYA
H514,羅國華,右投右打,1992/10/28,
k432,王玉譜,左投左打,1996/01/18,
R053,陳信凱,右投右打,1982/05/23,
L022,曾智偵,右投右打,1959/03/10,
G056,陳元甲,右投右打,1980/01/17,
G075,陳家鴻,右投右打,1981/04/02,
k435,廖任磊,右投右打,1993/08/30,
R070,周宗義,右投右打,1970/06/12,
k520,哈克森,右投右打,1995/04/19,Misja Harcksen
k581,林志柚,左投左打,1997/12/03,IM JI YU
D065,陳炳男,右投右打,1972/02/05,
k501,張竣凱,右投右打,1998/08/15,
R607,張延勳,右投右打,1986/07/11,
N052,横田慎太郎,左投左打,1995/06/09,YOKOTA SHINTARO
R130,羅少鈞,右投右打,1983/05/17,
R636,陳一嘉,右投右打,1989/02/03,
N071,廣岡大志,右投右打,1997/04/09,HIROOKA TAISHI
T000,黃自強,右投右打,1972/02/03,
k503,張朝盛,左投右打,1997/10/17,
k412,馬東,右投左打,1992/10/21,MARTONE LUCA
R554,張翰華,右投右打,1989/11/03,
N149,種市篤暉,右投右打,1998/09/07,Taneichi Atsuki
G0A7,雷霸龍,右投左打,1979/03/28,Willy Lebron
A0D4,陳禹勳,右投右打,1989/05/20,
R010,黃正偉,右投右打,1984/02/11,
E0E5,莊宏亮,右投右打,1980/10/22,
z105,林宗緯,左投左打,1996/12/26,
E0N4,陳柏豪,右投右打,1999/01/28,
R293,李家駒,右投右打,1988/02/01,
E098,朋馳,右投右打,1974/01/17,Guillermo  Mercedes
R027,陳冠呈,右投右打,1981/04/17,
N075,青柳昴樹,右投右打,1997/05/19,AOYAGI KOUKI
R005,陳宇泰,右投右打,1984/04/14,
R212,林進偉,左投左打,1984/07/22,
E0K9,湯尼,右投右打,1982/01/09,Ramon Pena
D0A5,威倫,右投右打,1967/07/29,Saul Valenzuela
N016,立岡宗一郎,右投左打,1990/05/18,TATEOKA Soichiro
L0G1,林克,右投右打,1968/12/23,Darryl Brinkley
L0F5,陳俊輝,右投右打,1981/03/08,
R173,林加祐,右投右打,1982/03/28,
E0N0,銳力,左投左打,1991/04/22,Rick Teasley
B096,前田克拓,右投右打,1971/07/23,Maeda Katsuhiro
R284,陳智燿,左投左打,1989/01/13,
G014,陳柏勳,右投右打,1980/02/11,
A0C0,羅力,右投右打,1984/09/14,Mike Loree
R385,余浩庭,右投右打,1988/10/17,
R355,楊先賢,右投右打,1987/08/09,
A002,許文雄,右投右打,1978/12/05,
E0D5,莊瑋全,右投右打,1981/02/11,
k472,洪廷玗,右投右打,1996/03/16,HONG JEONG WOO
B067,安收多,右投右打,1968/06/10,James Maurer
H635,吳哲源,右投右打,1994/08/12,
G029,巴比,右投右打,1968/03/03,Bobby Munoz
E0B3,法蘭西,右投右打,1972/08/12,Francisco Campo
R159,利弘揚,右投右打,1984/02/26,
B076,高龍偉,右投右打,1976/03/22,
B003,吳思賢,右投右打,1963/07/02,
T018,翁豐堉,右投右打,1964/10/09,
G004,豐偌暉,右投右打,1978/03/22,
R354,賴鴻誠,左投左打,1988/04/26,
R210,呂俊緯,右投右打,1980/07/08,
R321,方南堯,右投左打,1987/01/12,
R226,吳志峰,右投右打,1981/06/02,
B0C9,威霸,右投右打,1975/03/17,Clint Weibl
W046,葛來克,右投右打,1965/04/16,Graig Worthington
k406,吉拉迪,右投右打,1992/04/12,GERARD RASHID
L0P0,泰倫斯,右投右打,1989/08/21,Terance Marin
A018,許堯淵,右投右打,1978/01/14,
A016,陳志明,右投右打,1978/12/25,
G030,彼得,右投右打,1978/12/02,Peter Moylan
R369,宇招任,右投右打,1984/03/24,
D038,法蘭克,右投左打,1965/05/28,Manuel  Francois
k555,魯威爾林,右投左打,1993/09/25,PHILDRICK LLEWELLYN
k553,羅德里格斯,右投右打,1988/01/28,ARMANDO RODRIGUEZ
L066,郭源治,右投右打,1956/10/05,
R376,葉謦瑋,右投右打,1989/02/22,
L096,奇門士,右投右打,1969/08/19,Miguel Jimenez
W037,浮士德,右投右打,1972/05/01,Fausto Cruz
T0A2,卡內基,右投左打,1967/02/16,Brian Cornelius
T019,劉義傳,右投右打,1962/01/13,
R201,林家煌,右投右打,1983/04/15,
R304,陳秉村,右投左打,1988/10/10,
R526,林世傑,右投右打,1987/08/22,
L069,皮諾,右投右打,1964/01/20,Rolando Pino
k547,柯爾迪斯,右投右打,1992/11/22,DIMITRIOS KOURTIS
W0F5,威鯨,右投右打,1978/07/19,Steve Watkins
L0A4,賀德,右投右打,1970/10/07,Daniel Held
R342,卓志名,右投右打,1987/02/01,
R110,簡旭溫,右投右打,1986/10/11,
L099,巴雷納,右投右打,1968/10/13,Juilo  Valera
W048,楊松弦,左投左打,1977/10/06,
L0O2,飛力士,左投左打,1985/02/08,Felix Pie
R409,沈彥丞,右投右打,1985/08/05,
T093,巧克力,右投左打,1967/08/10,Charles Lee
A031,許志昌,右投右打,1981/04/19,
R127,鄭景竣,右投左打,1984/08/30,
B068,陳昭銘,右投右打,1971/01/07,
E005,吳復連,右投右打,1962/01/06,
R036,林聖凱,右投右打,1978/11/14,
N109,本多裕哉,右投左打,1993/06/21,HONDA YUYA
R379,陽聖凱,右投右打,1981/12/25,
R323,施守雄,右投左打,1989/02/17,
L0E1,石川雅実,左投左打,1981/03/28,Ishikawa Masami
C007,邱啟成,右投右打,1969/01/13,
H085,簡嘉佑,右投右打,1991/06/10,
L0N6,蔡奕玄,右投右打,1994/05/14,
R023,曾家賢,右投右打,1981/12/11,
A022,馬丁,右投右打,1972/11/19,Anthony Martins
D044,艾勃,左投左打,1962/07/12,Harper Milton
D005,羅世幸,右投右打,1963/01/25,
E0D2,陳世斌,右投右打,1979/06/25,
k488,李枝澯,右投右打,1991/08/19,LEE JI CHAN
k346,奎瓦思,右投右打,1988/11/30,Justino CUEVAS
B0F7,艾力克,右投右打,1977/01/05,Eric Junge
A0A8,艾猛士,右投右打,1978/04/29,Tony Armas
H905,蔡鈞岱,右投右打,1992/05/04,
B0A5,邱敏舜,右投左打,1979/10/25,
B036,羅強,右投左打,1964/06/11,Ronald Jones
G054,賈西亞,右投右打,1971/11/16,Omar Garcia
R359,陳敏賜,右投右打,1989/12/06,
T0B2,馬丁尼,右投右打,1974/01/07,Gabriel Martinez
k430,鄭鈞仁,右投右打,1995/11/03,
k387,尹承烈,左投左打,1993/07/08,YOON SEUNG YEOL
N179,岡﨑大輔,右投左打,1998/09/17,Okazaki Daisuke
N053,桜井俊貴,右投右打,1993/10/21,SAKURAI TOSHIKI
N014,高田知季,右投左打,1990/12/23,TAKATA Tomoki
E0F5,葉丁仁,左投左打,1983/07/01,
R108,何杉駿,右投右打,1987/02/28,
N156,奥村展征,右投左打,1995/05/26,Okumura Nobuyuki
L0O0,吉爾,右投右打,1986/01/29,Jair Jurrjens
R268,沈福仁,右投右打,1984/02/06,
C048,捷銳,右投右打,1963/07/22,Gary Eave
L0E9,高志綱,右投右打,1981/02/07,
B0B7,許國隆,右投右打,1980/10/16,
B0I4,克拉帝,左投左打,1984/09/25,Victor Garate
R135,王韋仁,右投右打,1987/06/16,
k539,牛塏曄,右投右打,1994/01/02,
N051,関根大気,左投左打,1995/06/28,SEKINE TAIKI
R436,李嘉榮,右投右打,1988/11/03,
H353,鄭鎧文,右投右打,1991/12/18,
B0G1,古茲曼,右投左打,1983/11/28,Jorge Guzman
L0N8,郭恆孝,左投左打,1989/03/23,
T003,陳該發,右投右打,1968/11/09,
A060,恩洛德,右投右打,1971/03/04,Nerio Rodriguez
k549,郭飛亞,右投右打,1988/09/15,MURILO GOUVEA
K241,小川龍也,左投左打,1991/09/03,OGAWA RYUYA
E0D9,劉俊男,右投右打,1982/03/04,
H233,陳舜松,右投右打,1990/10/25,
L0M6,畢爾,左投左打,1981/05/09,William R.W. Murphy
L0K5,鄧志偉,右投左打,1988/09/15,
W003,艾克特,右投右打,1963/09/21,Troy Afenir
R522,羅堃,右投右打,1989/12/26,
D079,拉斐爾,右投右打,1971/08/16,Rafael Pina
k437,張閔勛,右投右打,1994/08/08,
A034,貝力,右投右打,1971/01/24,Cory Bailey
N161,細川成也,右投右打,1998/08/04,Hosokawa Seiya
R602,黃淯暟,右投右打,1986/11/09,
R065,鄭博壬,右投右打,1982/10/17,
R402,唐嘉駿,左投左打,1984/12/21,
k376,車材龍,左投左打,1996/08/20,CHA JAEYONG
D012,大帝士,右投左打,1962/05/21,Bernardo Tatis
D084,郝恩,右投右打,1968/11/30,Heath  Haynes
G044,米西亞,右投右打,1972/04/14,Roberto Mejia
R167,林錦龍,右投左打,1988/02/22,
G027,薛伯特,右投右打,1972/04/10,Shayne Bennett
G080,賈西亞,右投右打,1975/05/20,Amaury Garcia
k577,南潤成,左投左打,1987/08/04,NAM YOON SEONG
E025,李文傳,右投右打,1959/08/03,
A0E9,蘇俊羽,右投右打,1996/10/30,
T060,班固,右投右打,1964/06/26,Omar Bencomo
N151,笠井崇正,右投右打,1994/08/07,Kasai Takamasa
L0G3,崔勒,右投右打,1975/02/20,Leo Estrella
N008,大場達也,右投右打,1989/03/10,OHBA Tatsuya
L0F2,成本年秀,右投右打,1968/09/11,Narimoto Toshinide
G018,鄞明村,右投右打,1969/09/26,
R419,廖英傑,右投右打,1984/09/17,
H876,林書逸,右投左打,1993/05/20,
R625,余德龍,右投右打,1988/06/12,
A025,藍迪,右投右打,1975/09/11,Randi Mallard
B0B5,王世驊,右投右打,1980/05/27,
T007,侯明坤,右投右打,1961/10/13,
R097,楊志瑋,右投右打,1986/04/12,
k380,趙允晙,右投右打,1989/08/30,CHO YOUN JOON
B0G8,曼尼,右投右打,1972/05/30,Manuel Ramirez
H223,林航,左投左打,1993/03/01,
k534,羅德里格斯,右投右打,1991/12/11,Leomartires Rodriguez
C065,蔡重光,左投左打,1965/09/08,
G0A4,保羅,左投右打,1979/11/07,Paul Weichard
L083,高正偉,右投右打,1975/11/01,
k286,奎斯特,右投右打,1986/06/29,Marcos Jose Cuesto Benitez
R103,李彥鋒,右投右打,1985/01/29,
W047,郝男多,右投右打,1973/11/28,Geraldo Guzman
H524,羅華韋,左投左打,1990/12/01,
k545,金波羅威斯,右投右打,1992/03/17,JOSHUAH KIMBOROWICZ
B0D5,川野昌彥,左投左打,1983/06/07,
R478,林文傑,左投左打,1989/01/03,
G078,費南德茲,右投右打,1971/06/16,Fernando Hernandez
W099,李麥克,右投右打,1973/10/10,Derek Hasselhoff
k457,許少綸,左投左打,1996/09/28,
k369,宋胤準,左投左打,1992/07/16,SONG YUNJUN
L067,葛瑞,左投左打,1969/12/24,Dennis Gray
B023,張天麟,右投右打,1967/12/14,
D085,多力士,右投右打,1970/02/27,Luis Hernandez
R060,胡竣傑,右投右打,1980/04/02,
R495,李祖岑,左投左打,1986/05/18,
L0J3,卡斯提,右投右打,1981/03/19,Jose Castillo
R645,林彥宏,右投右打,1988/12/25,
R521,黃中辰,右投右打,1987/10/20,
L018,瑞奇,左投左打,1965/10/07,Enrique Burgos
B0F2,雷卡多,右投右打,1978/05/21,Ricardo Rodriguez
k421,舒爾特,右投右打,1997/10/04,SCHUTTE MATZ
E020,陳琦豐,右投右打,1968/01/21,
W023,楊煜堂,右投右打,1972/12/04,
R382,李冠年,右投右打,1988/01/16,
R423,楊宗範,右投左打,1984/11/12,
B037,魔登,左投左打,1968/08/03,Kevin Morton
R198,王喬永,右投右打,1978/11/14,
R033,潘健綜,右投右打,1982/09/06,
k419,山契斯,右投右打,1996/10/03,SANCHEZ JAVIER
k434,劉昱言,左投左打,1994/07/27,
R525,廖健評,右投右打,1987/04/29,
H338,朱誥鎮,右投右打,1992/06/07,
W0D8,蘇哲毅,右投右打,1982/09/22,
D051,湯興佐,右投左打,1964/06/18,Thomas Hinzo
k580,金到煐,右投右打,1993/01/26,KIM DO YEONG
z107,林大展,右投左打,1996/12/19,
R258,李義偉,右投右打,1983/08/18,
R078,曹偉慶,左投左打,1983/09/22,
C053,飛力,右投左打,1973/07/24,Felix Perdomo
D022,陳俊和,右投右打,1972/08/09,
W010,韓勝成,右投右打,1965/08/09,
E0J6,巴拉德,左投左打,1984/02/06,Michael Ballard
R450,林佳宏,右投右打,1986/08/29,
C033,褚志遠,左投左打,1970/08/08,
D039,凱斯,右投左打,1961/10/20,Patrick Smith
L089,喬峰,右投右打,1966/03/06,Joe Hall
N122,地引雄貴,右投右打,1990/06/25,JIBIKI YUKI
N086,齋藤綱記,左投左打,1996/05/13,SAITOH KOHKI
T070,偉力,右投右打,1966/02/01,Eduardo Zambrano
L0B9,保樂,右投右打,1972/11/28,Jose Parra
B008,小島圭市,左投左打,1969/07/01,Kojima Keiichi
k473,李相旼,左投左打,1990/11/04,LEE SANG MIN
T0B9,全家福,右投右打,1967/12/17,Rafael Valdez
A033,張民諺,右投左打,1981/01/20,
B0B4,新楓康,右投右打,1966/12/10,Melquiades Rojas
R207,黃昶恩,右投右打,1980/06/07,
R223,朱世宏,右投右打,1983/12/10,
B0A9,好楓康,右投右打,1975/08/12,Gustavo Lopez
N080,鈴木翔太,右投右打,1995/06/16,SUZUKI SHOTA
L019,宋榮泰,左投左打,1959/07/20,
R656,蕭明治,右投右打,1981/11/04,
E0N3,蔡齊哲,右投右打,1995/12/18,
k562,本尼迪多,右投右打,1993/02/27,NICK BENEDETTO
A005,蘇立偉,右投右打,1980/06/09,
R431,豐智凱,左投左打,1987/01/08,
E0H9,默菲,右投右打,1981/08/19,Ryan Murphy
G086,捷猛士,右投右打,1977/05/19,James Lira
R363,李友勝,右投右打,1988/12/21,
R651,楊家齊,右投右打,1989/11/08,
E0J3,李文斯頓,左投左打,1982/09/03,Robert Livingston
H230,許基宏,右投左打,1992/07/22,
G085,湯姆,左投左打,1981/08/24,Thomas Brice
N119,辻野雄大,右投左打,1993/06/16,TSUJINO TAKEHIRO
R610,黃鈞聲,右投右打,1989/01/19,
R178,邵乙航,右投右打,1986/03/04,
C077,捷猛士,左投左打,1966/11/26,James Wray
B087,張家浩,右投左打,1976/10/31,
A0B1,鄭承浩,左投左打,1987/05/20,Kacaw  Kaniw
A038,入来智,右投右打,1967/06/03,Iriki Satoshi
k393,李眞祏,右投右打,1995/05/20,LEE JINSEOK
T014,陳俊智,右投右打,1971/12/31,
B0A4,余文彬,右投右打,1978/12/18,
B0J5,力猛,右投右打,1979/08/30,Scott Richmond
G035,卡巴傑洛,右投右打,1978/01/25,Jose Caballero
G043,威力斯,右投右打,1973/04/19,Willis Otanez
N033,田面巧二郎,右投右打,1990/12/09,TANABO KOJIRO
T0B4,潘忠勳,右投右打,1973/10/14,
R513,張裕耀,右投右打,1988/10/31,
R393,李振昌,右投右打,1986/10/21,
L0D2,陸磊,右投右打,1973/09/15,Maximo Nunez
N139,中澤彰太,右投左打,1994/12/02,NAKAZAWA SYOUTA
N150,京山将弥,右投右打,1998/07/04,Kyoyama Masaya
R231,王湘嵐,左投左打,1987/08/31,
B043,朴仁球,左投左打,1970/12/30,
G037,卡馬爾,右投右打,1979/09/07,Emil Kamar
A0A3,梅森,右投右打,1984/07/01,Chris Mason
E0B1,克瑞,右投右打,1972/11/05,Alfredo Arias
H405,李正揚,右投右打,1991/02/16,
C006,曾貴章,左投左打,1967/08/01,
T017,涂鴻欽,右投右打,1964/08/17,
H645,劉昱言,左投左打,1994/07/27,
H466,胡建庭,右投右打,1990/03/01,
N010,眞下貴之,左投左打,1991/04/19,MAKKA Takayuki
R562,吳界煌,右投右打,1989/10/05,
E0J8,陳子豪,左投左打,1995/07/29,
A0C6,捍力士,右投右打,1986/12/11,TyRelle Harris
R282,林庭逸,右投左打,1985/10/19,
R019,賴浩鈞,右投右打,1982/01/21,
T023,康明杉,右投右打,1964/01/03,
T0A5,湯瑪仕,右投右打,1968/09/12,Keith Thomas
R696,徐政斌,右投右打,1995/08/25,
k321,金珉植,右投左打,1989/06/28,KIM Min Sik
A066,貝茲,右投左打,1973/06/24,Todd Betts
L045,陳世龍,右投右打,1964/12/27,
B093,威森,右投右打,1972/03/30,Wilson Heredia
k569,林序準,右投右打,1993/04/19,IM SEO JUN
E0L9,悍德,右投右打,1986/04/20,Donovan Hand
k484,張勝賢,右投右打,1994/03/07,JANG SEONG HYUN
k500,林瑋滐,右投右打,1996/06/16,
A046,沈亞倫,左投左打,1981/01/18,
E056,勞勃,右投右打,1967/01/02,Robert Wishnevski
W052,鍾凱力,右投右打,1963/09/26,Calvin Jones
N004,濱田達郎,左投左打,1994/08/04,HAMADA Tatsuro
k567,洪性民,右投右打,1989/07/15,HONG SUNG MIN
R520,鄭崴壬,右投右打,1986/04/01,
E012,黃世明,右投右打,1966/01/22,
k385,文珍堤,右投左打,1991/08/01,MOON JIN JE
L0L2,馬丁尼茲,右投右打,1984/03/12,Eulogio De La Cruz
N145,中尾輝,左投左打,1994/09/14,Nakao Hikaru
W005,力克強,右投左打,1969/02/03,Kevin Riggs
L0H3,比爾,左投左打,1973/10/09,Bill Pulsipher
W035,胡長豪,右投右打,1969/09/02,
N029,岸本淳希,右投右打,1996/02/19,KISHIMOTO JUNKI
T057,楊福群,右投右打,1972/12/16,
A0D8,邁能,右投右打,1982/03/12,Zach Miner
E0L5,張凱倫,右投右打,1995/03/04,
B045,張文宗,左投左打,1968/04/17,
G003,莊景賀,右投右打,1978/05/12,
R390,羅嘉仁,右投右打,1986/04/07,
k341,巴桑,右投右打,1990/05/19,Jose PASEN
R672,陳俊秀,右投右打,1988/11/01,
R115,尤清韋,右投右打,1983/12/29,
R131,林達偉,右投右打,1985/12/14,
C027,謝奇勳,右投右打,1965/02/14,
H365,張廖年哲,右投右打,1992/01/25,
N017,谷内亮太,右投右打,1991/02/03,YACHI Ryota
W074,凱撒,右投右打,1974/02/09,Julio Cesar
G024,湯登凱,右投右打,1976/10/05,
k525,史瑞卡,左投右打,1995/08/19,Artur Strzalka
R510,邱景彥,右投右打,1986/12/23,
R685,陳修崎,右投左打,1995/06/22,
R552,曾冠儒,左投左打,1989/07/15,
W090,拉飛爾,右投右打,1976/02/15,Rafael Medina
k452,曹佑寧,右投右打,1994/04/24,
D016,洪正欽,右投右打,1961/09/06,
W049,金百力,右投右打,1968/03/15,Kimothy Batiste
H046,林威志,右投右打,1992/09/29,
L0O9,狄馬克,右投右打,1983/05/20,Mike DeMark
R455,王鏡銘,右投右打,1986/01/16,
H342,黃佳偉,右投右打,1992/04/09,
k444,陳重廷,右投右打,1995/09/14,
K234,伊藤和雄,右投右打,1989/12/13,ITO KAZUO
B005,希斯,右投左打,1962/10/20,Cecil Espy
H727,林祐樂,右投右打,1992/06/23,
W009,威力強,左投左打,1967/09/26,Brian Traxler
B077,羅松永,右投右打,1974/09/19,
E008,鄧肯,右投右打,1965/06/27,Calvin Duncan
C017,蔡旭峰,左投右打,1950/09/01,
A076,銳斯,左投左打,1973/01/10,Gary Rath
L0L7,黃靖幃,左投左打,1994/11/05,
T046,曹清來,右投右打,1965/02/16,
L0B2,羅克,右投右打,1970/04/09,Raul Rodarte
N146,寺島成輝,左投左打,1998/07/30,Terashima Naruki
W065,馬力足,右投右打,1967/09/02,James Andrew
R701,陳聖德,右投右打,1996/02/01,
R662,蔡維陵,右投右打,1989/02/13,
L0A1,羅倫,右投右打,1971/09/05,Lorenzo Delacruz
B049,鐵布衫,右投右打,1962/04/28,Luis Torruellas
E010,牛復興,左投左打,1962/12/25,
G066,威納斯,右投右打,1977/01/19,Wilton Veras
T050,華司,左投左打,1973/07/01,Vasquez Deaza
E0A9,安東尼,左投左打,1976/01/07,Felix Antonio
T0B0,喬比,右投右打,1969/12/25,Clybe Claypough Jr
L039,強龍,右投右打,1962/03/07,Joselite CanoQ
R046,林奉諭,右投右打,1986/11/26,
R011,陳冠任,左投左打,1982/04/15,
N078,齋藤誠哉,左投左打,1996/05/13,SAITOH SEIYA
R012,曾信貴,右投右打,1982/07/11,
E0C5,鄭漢禮,右投右打,1975/09/12,
D006,蕭浚濠,右投右打,1969/08/02,
B0E4,凡托,右投右打,1978/05/25,Mike Vento
C005,王光熙,右投右打,1967/08/02,
L0E5,金猛,左投左打,1976/04/27,Benjamin Sampson
C049,菊地原毅,左投左打,1975/03/07,Kikuchihara Tsuyoshi
G079,塔尼,右投右打,1973/08/20,Jose Paniagua
k326,柳旻相,右投左打,1989/04/13,YOO Min Sang
G049,納瓦,右投右打,1968/11/28,Lipso Nava
E0M4,冨田康祐,右投右打,1988/04/24,Tomita Kohsuke
k276,羅傑斯,右投右打,1982/09/10,Jose ROGERS
B088,高健龍,右投右打,1977/05/28,
C020,陳執信,右投右打,1962/05/16,
B0D6,鈴江彬,右投右打,1986/12/25,
B051,鐵砂掌,右投右打,1966/12/19,Joseph Slusaraki
E0H8,麥格倫,右投右打,1978/07/23,Jim Magrane
G034,金京泰,左投左打,1975/11/06,Kim Kyung Tae
k489,梁元赫,右投左打,1991/07/21,YANG WON HYUK
E0E3,林馴偉,右投右打,1980/11/12,
B066,立花義家,左投左打,1958/10/27,Tachibana Yoshie
D013,林琨瑋,右投右打,1963/06/20,
B0F1,沃樂,右投右打,1980/10/23,Pedro Liriano
k351,哈維爾,右投右打,1991/06/15,Sony JAVIER
R524,林君亮,右投左打,1990/02/18,
B0B3,張建銘,左投左打,1980/07/27,
W053,邱企彬,右投右打,1974/11/08,
A004,安智輝,右投右打,1977/01/31,
C046,馬力安,右投右打,1970/07/13,Mariano Santos
L0D3,史帝文生,左投左打,1975/09/02,Stezenson Agosto
A0E0,董子浩,右投左打,1996/08/11,
L0H8,柯德曼,右投右打,1974/10/31,Rob Cordemans
B007,肯尼,右投右打,1964/01/11,William Kenneth
B0K6,酷必克,右投右打,1989/08/03,David Kubiak
k368,申旻財,右投右打,1992/03/03,SHIN MINJAE
H042,吳柏龍,右投右打,1990/11/02,
E0F0,奧古斯丁,右投右打,1978/02/24,Marquetti Barbaro
L0D4,王子菘,右投右打,1978/06/06,
N068,増田大輝,右投右打,1993/07/29,MASUDA DAIKI
E0B6,蒲慶哲,右投右打,1976/11/13,
W032,龔雷,右投右打,1972/02/13,Mauricio Gonzalez
E0D3,馬丁尼,右投右打,1974/05/31,Gomez Martinez
R548,周柏翰,右投右打,1989/09/13,
k378,金思勳,右投右打,1987/06/18,KIM SAHOON
D069,奧斯汀,右投右打,1963/12/07,James Austin
R320,蔡秉師,左投左打,1985/10/25,
E027,林文城,右投右打,1965/01/01,
N097,幸山一大,右投右打,1996/06/18,KOYAMA KAZUHIRO
L0J5,威廉,右投右打,1981/12/04,Jerome Williams
L084,金森隆浩,右投右打,1972/08/12,Kanamori Takahiro
N020,緒方凌介,右投左打,1990/08/25,OGATA Ryosuke
W0C1,杜章偉,右投右打,1982/05/11,
R316,方玄宗,右投右打,1988/12/26,
E069,馬修,左投左打,1970/09/26,Matther Murray
R038,林津平,右投右打,1981/05/07,
k284,諾爾,右投左打,1987/09/29,Luis NOEL
L0N2,馬力斯,右投左打,1983/06/07,Douglas Mathis
R647,王晨安,右投右打,1992/07/03,
R684,吳培輝,右投右打,1986/09/20,
D050,格雷,左投左打,1962/05/17,Greg Matthew
B0G2,班尼,左投左打,1977/12/04,Juan Pena
T062,威利,左投左打,1968/03/12,Francusco Gonzales
D000,洪佩臻,右投右打,1973/01/24,
R086,鍾家寶,右投右打,1981/02/22,
B0I7,林旺衛,右投左打,1988/06/28,
G100,力歐,右投右打,1976/12/08,Jose Leon
R346,唐肇廷,右投左打,1987/10/12,
B040,里昂,右投右打,1972/04/15,Elcilio Leon
B056,神真水,右投左打,1965/03/03,Bertram Heffernan
B0K1,劉家愷,左投左打,1994/03/25,
D098,寶龍,右投右打,1972/11/09,Baltazar Mesa
L0O8,福瑞多,右投右打,1984/07/07,Alfredo Figaro
R604,趙柏閣,右投右打,1990/02/27,
R627,林室澄,右投右打,1985/11/21,
T022,何良志,右投右打,1961/03/20,
T033,徐整當,右投右打,1965/10/20,
N155,柿澤貴裕,右投左打,1994/07/30,Kakizawa Takahiro
k565,羅梭里,右投右打,1993/04/17,ANTHONY ROSSELLI
C013,翔鷹,右投右打,1960/06/27,Jackie Gutierrez
R635,李忠勳,右投右打,1988/07/10,
D090,任志偉,右投右打,1972/08/10,
T002,剛烈,右投右打,1964/08/20,Julian Gozales
R497,張淯虎,右投右打,1987/05/02,
W0A7,李軾揚,右投右打,1977/10/02,
A074,鄭余亮,右投右打,1983/01/20,
L0E4,阿波羅,右投右打,1969/06/29,Jose Alberro
A0F3,瓦德茲,右投右打,1985/03/17,Cesar Valdez
R578,林嘉豪,右投右打,1987/05/24,
N090,坂本誠志郎,右投右打,1993/11/10,SAKAMOTO SEISHIRO
R285,王政傑,右投右打,1987/03/28,
G048,里拉,右投右打,1972/04/26,Felip Lira
k423,西本,右投右打,1993/09/18,THIEBEN DANIEL
R424,陳韋閔,右投左打,1985/07/22,
R324,林王啟瑋,右投右打,1989/07/29,
G002,李明進,右投右打,1979/07/05,
R192,陳泰璋,右投右打,1986/11/04,
L017,謝長亨,右投右打,1962/01/22,
R310,李家航,左投左打,1987/07/31,
D042,席古拉,右投右打,1963/01/26,Jose Segura
E0K6,桑契斯,右投右打,1984/04/28,Romulo Sanchez
PH17,摩爾,右投右打,1981/06/10,Ben Moore
E0A5,許誌為,右投左打,1977/04/05,
L0H5,羅伯森,左投左打,1977/03/30,Jeriome Robertson
E0F1,喬伊,右投右打,1971/09/19,Joey  Dawley
B0H0,柴克,右投右打,1984/05/15,Zachary Hammes
L060,羅偉,右投左打,1969/06/11,Hector Roa
W016,達利,右投右打,1971/02/27,Darley Ned
k317,洪建喜,右投右打,1993/09/29,HONG Geon Hui
R079,林永坤,右投右打,1982/10/01,
R576,蔡明覺,右投右打,1987/04/04,
R300,鄭繼綱,右投右打,1984/10/14,
k465,曾子豪,右投右打,1995/11/18,
N085,青山大紀,右投左打,1994/11/28,AOYAMA DAIKI
G011,鄭景益,左投左打,1973/09/21,
L0B0,安曼多,右投右打,1975/08/05,Armando Valdez
E049,愛迪生,右投右打,1968/04/07,Eninson Renterin
k508,顏聖賢,右投左打,1994/12/19,
W060,柳裕展,右投右打,1975/12/02,
E0G3,昂斯,右投右打,1979/09/03,Nic Ungs
k519,哈貝克,右投右打,1993/12/11,Marc Habeck
B0D4,竹清剛治,右投右打,1974/11/12,Takekiyo Kouji
L011,謝佳訓,右投右打,1967/10/30,
B084,謝光勇,右投右打,1977/10/25,
R698,林鴻志,右投右打,1998/01/29,
R084,洪榮宏,右投右打,1982/09/23,
L007,林克,右投右打,1967/10/04,Francisco Laureano
N118,木南了,右投右打,1992/04/10,KINAMI RYO
N175,石垣雅海,右投右打,1998/09/21,Ishigaki Masami
L0J9,廖文揚,右投右打,1987/10/10,
L094,艾帝一,左投左打,1971/11/23,Ediberto Oropesa
E053,柯特,左投左打,1969/01/13,Kurt Peltzer
A032,石志偉,右投右打,1977/08/14,
B0D9,栗田雄介,左投左打,1980/08/23,Kurita Yusuke
A087,鈴木誠,右投右打,1975/05/31,Suzuki Makoto
L0D0,郭文居,右投右打,1977/10/20,
T079,聖多士,左投右打,1973/01/17,Heary Santes
R155,黃健隆,右投右打,1986/10/10,
L063,許克勤,右投右打,1963/10/24,Mark Grant
E0I1,伍茲,左投左打,1981/09/03,Jake Woods
L000,李豪,右投右打,1960/02/01,Cecilio Guante
E014,弗蘭克,右投右打,1968/11/05,Franc Campos
E094,約瑟,右投左打,1967/11/11,Jose Monoz
R703,廖偉傑,右投右打,1993/10/12,
R408,林志賢,右投右打,1984/12/26,
k479,張珉翼,左投左打,1991/02/05,JANG MIN IK
N176,川瀬晃,右投左打,1997/09/15,Kawase Hikaru
k514,森育彬,左投左打,1994/12/12,
R695,薛博安,右投左打,1994/08/18,
A030,高力歐,左投左打,1977/03/28,Claudio Galva
A0D9,張煒謙,右投左打,1995/11/17,
R448,顏嘉威,右投右打,1989/05/12,
N160,田中和基,右投左打,1994/08/08,Tanaka Kazuki
E0M0,艾迪頓,左投右打,1987/12/16,Nick Additon
L0M2,張立帆,右投右打,1990/10/31,
L0K0,陳鏞基,右投右打,1983/07/13,Ma Yaw Ciru
W0B9,沈鈺傑,左投左打,1981/03/03,
E055,麥克,右投右打,1963/09/12,Mike Roesler
k540,鍾博臣,左投左打,1994/10/29,
W097,笹川隆,右投右打,1979/11/08,Sakagawa Takashi
k548,莫蒂森,右投右打,1985/04/10,CLAYTON MORTENSEN
D023,黃平洋,右投右打,1962/11/13,
E0I7,高米茲,右投右打,1978/06/14,
N050,原泉,右投右打,1992/07/26,HARA IZUMI
G0A0,胡仁偉,右投右打,1983/02/21,
k287,馬迪納,左投左打,1986/06/30,Leonel Medina Espiritu
A047,蔡家宏,右投右打,1979/02/13,
N096,大城滉二,右投右打,1993/06/14,OHSHIRO KOJI
R094,潘瑞勳,右投右打,1982/10/14,
N123,伊禮翼,右投左打,1990/02/11,IREI TSUBASA
B030,柯林頓,右投右打,1960/07/29,Clinton Smith
R099,柳宗源,右投左打,1986/11/14,
N062,原樹理,右投右打,1993/07/19,HARA JURI
R294,鄧堯中,右投右打,1987/11/12,
R123,陳子生,右投右打,1985/10/22,
E047,巴比諾,右投右打,1964/03/31,Balvino Galvez
E0C1,彭政閔,右投右打,1978/08/06,
B032,張協進,右投右打,1969/08/20,
C024,福哥,右投右打,1966/03/03,Francisco Rosa
A009,葉成龍,右投右打,1976/10/17,
E084,卡洛索,左投左打,1969/07/20,Engene Caruso
T061,狄福,右投右打,1970/07/22,Charles Devereux
T025,蔡生豐,右投右打,1963/09/01,
E0H1,黃志祥,右投右打,1987/11/18,
L0F6,陳家偉,右投右打,1981/05/15,
R550,李俊逸,右投右打,1989/02/09,
B0H5,丹克,左投右打,1986/04/28,Daniel Moskos
T041,大地,右投右打,1969/04/24,Stanley Tarutis
L0B7,曾揚志,右投右打,1977/02/24,
B046,勇壯,右投右打,1975/05/09,Osvaldo Martinez
H929,陳傑憲,右投左打,1994/01/07,
R318,楊承駿,右投右打,1988/11/04,
H493,盧漢鑫,右投左打,1991/02/12,
R056,周恒宇,右投右打,1982/01/31,
R377,鄭展誠,右投右打,1989/01/22,
W007,闕樹木,右投右打,1972/12/31,
H115,彭識穎,左投左打,1992/07/02,
R542,林苡任,右投右打,1990/04/19,
W073,陳威志,左投左打,1975/08/10,
k281,魯安,右投右打,1978/09/18,Wilkin Ruan Chal
W0D5,史帝夫,左投左打,1978/06/03,Steve Smyth
k559,佛里尼,右投右打,1989/04/17,JOSE FERRINI
R416,葉彥男,右投右打,1984/12/05,
T053,羅利,右投右打,1966/08/26,Victor Rosario
B0F9,沃樂飛,右投左打,1978/01/27,Pete LaForest
A072,里昂,右投左打,1976/05/07,Donny Leon
k524,艾瓦茲,右投右打,1996/06/28,Daniel Alvarez
A013,呂俊雄,右投右打,1974/12/07,
L0L4,克里斯多福,右投右打,1976/08/17,Michael Cervenak
R217,曾偉誠,右投右打,1983/09/08,
R116,蔡昇翰,右投右打,1987/04/02,
C068,卜南波,右投右打,1972/03/15,
A0B2,杜拉克,右投右打,1982/05/30,Scot Drucker
W0C2,賈西亞,右投右打,1979/10/24,Rafael Garcia
L0N7,銳迪,右投右打,1984/08/02,Randy Boone
E0E1,武藤潤一郎,右投右打,1969/03/15,Muto Jun Ichiro
E086,克雷格,右投右打,1965/01/31,Craig Lewis
R514,林彥均,右投右打,1990/09/10,
T0B5,王志偉,右投右打,1977/04/11,
W0B6,曾孟承,右投右打,1980/10/31,
N083,石崎剛,右投右打,1990/09/09,ISHIZAKI TSUYOSHI
E0E8,布萊恩,左投左打,1978/09/11,Brian Rodaway
R457,張正偉,左投左打,1986/08/05,Malo  Ipong
k467,黃騰宥,左投右打,1995/09/05,
G064,佐藤秀樹,右投右打,1970/04/21,Sato Hideki
R215,林廉凱,右投右打,1985/12/30,
A059,石彥緯,右投右打,1981/02/26,
R331,黃佳瑋,右投右打,1986/02/05,
R266,陳建霖,右投右打,1984/06/05,
R652,廖椿儒,左投左打,1989/09/18,
k578,李民友,右投右打,1993/02/09,LEE MIN WOO
L0O3,凱力,右投右打,1987/10/30,William R.Kelly
W024,展龍,右投右打,1967/04/23,Roberto Guerra
D088,陳俊傑,右投右打,1976/11/29,
T009,霸多,右投左打,1962/09/08,Alberto Pardo
L0A9,日耳曼,左投左打,1967/09/27,Leyva German
E050,葛希,左投左打,1967/04/03,Miguel Garcia
W075,范野速,右投右打,1966/02/13,Juan Alvarez
N169,南川忠亮,右投右打,1992/01/13,Tadasuke Minamikawa
L0F9,馬吉力,右投右打,1976/09/24,
R327,何家榮,右投右打,1988/11/18,
k337,安都華,右投右打,1987/08/24,Chris ANDUJAR
k320,朴世雄,右投右打,1993/08/12,PARK Se Woong
G095,傑樂米,右投右打,1977/08/08,Jeremy Hill
L092,馬歇爾,右投右打,1970/08/02,Ernesto Nieves
k561,查非斯,右投右打,1992/09/26,MATTHEW CHAVEZ
B098,蔡仲南,右投右打,1979/03/07,
E096,王勁力,右投右打,1976/09/07,
C001,矢野和哉,左投左打,1962/12/10,Yano Kazuyo
D001,呂明賜,右投右打,1964/10/30,
W042,豪立業,右投右打,1965/07/24,Julian YAN
G0A9,韋伯,右投右打,1979/05/23,John Webb
R686,郭信甫,右投右打,1993/09/29,
A086,剛力士,右投右打,1973/12/27,Raul Gonzalez
L008,卡羅,右投左打,1962/01/25,Juan Castillo
A040,曾豪駒,右投右打,1979/11/27,
H017,蘇緯達,右投左打,1990/11/10,
k447,岳東華,右投左打,1995/10/19,
L0I9,克里斯,右投右打,1978/01/04,Chris Gissell
L0M1,坎諾,右投右打,1974/08/06,Luis Vizcaino
N173,若月健矢,右投右打,1995/10/04,Wakatsuki Kenya
R138,黃光永,右投右打,1983/10/20,
L0D7,陽東益,右投右打,1978/12/20,
G036,威廉斯,右投右打,1971/03/10,Shad Williams
A039,蔡建偉,左投左打,1980/03/29,
E0C9,朱鴻森,右投右打,1978/03/23,
R344,吳彥廷,右投右打,1987/06/19,
R410,郭健瑜,右投右打,1984/09/24,
R132,汪竣泰,右投右打,1986/07/25,
L0J1,華盛頓,右投左打,1978/05/30,Rico Washington
R213,吳明儀,左投左打,1984/11/11,
R663,趙品惟,右投右打,1989/09/10,
A096,竹岡和宏,右投右打,1975/01/25,Takeoka Kazuhiro
W040,楊啟鑫,右投左打,1976/06/12,
R411,王勝榮,右投右打,1982/03/17,
k481,鄭在源,右投右打,1984/08/11,JUNG JAE WON
R146,增鈺傑,右投右打,1986/08/31,
H371,鄭佳銘,左投左打,1993/06/21,
N131,堀米潤平,右投左打,1993/04/18,HORIMAI JUMPEI
R375,吳晉嘉,右投右打,1989/03/30,
R546,張勝彥,右投右打,1979/10/16,
E0K5,寇迪,左投左打,1984/01/07,Chris Cody
N111,若林篤志,左投左打,1994/01/05,WAKABAYASHI ATSUSHI
A028,金東鎬,右投右打,1973/05/24,Kim Jong Ho
E0M6,陳琥,右投左打,1998/04/29,
W059,謝承勳,左投左打,1975/01/30,
C038,雷蒙,右投右打,1969/11/12,Tauarez Ramon
T055,寶力,右投左打,1959/10/30,Julio Paula
R157,潘忠孝,左投左打,1983/07/17,
R648,陳亞峻,右投右打,1990/04/02,
R623,蔡昇峰,右投右打,1988/03/20,
k436,廖乙忠,右投右打,1995/11/02,
W094,吳潤岩,右投右打,1980/06/15,
N019,赤坂和幸,右投右打,1989/09/04,AKASAKA Kazuyuki
L0A0,唐尼,右投右打,1970/08/15,Luis  Rodriguez
N181,山田遥楓,右投右打,1996/09/30,Yamada Haruka
T047,陳明德,左投左打,1964/01/06,
T030,塗永樑,右投右打,1965/11/10,
k490,尹大瑛,右投右打,1994/01/31,YOON DAE YOUNG
k417,寶馬,左投左打,1993/06/13,POMA SEBASTIANO
T048,揚戈,右投左打,1963/10/04,Delwyn Young
T049,華力,左投左打,1966/07/28,Walter Wally
C066,王保文,右投右打,1972/09/23,
W012,黃鈞瑜,右投右打,1969/03/19,
W038,亞力士,右投右打,1971/12/24,Alexander  Cabrera
E0K8,杜家明,右投右打,1996/02/03,
R153,曾嘉敏,右投右打,1983/05/07,
L051,阿格多,右投右打,1967/02/05,Aguedo Vasquez
B0D2,剛雷,右投右打,1979/09/17,Alfredo Gonzalez
L0H1,雷斯頓,右投右打,1973/10/05,Brett Laxton
B0J7,吳睿勝,右投左打,1994/06/23,
G089,米克,右投右打,1977/08/08,Travis Minix
R580,謝富仲,右投右打,1987/07/25,
H471,林伽聰,右投右打,1991/07/24,
E0K3,賈羅拉加,右投右打,1982/01/15,Armando Galarraga
T021,艾力,右投右打,1966/04/08,Alex Sanchez
A064,馬丁尼茲,右投右打,1975/11/09,Gustavo Martinez
R338,謝志強,右投右打,1985/12/11,
G039,許竹見,右投右打,1981/01/25,
L0D9,陽森,右投左打,1981/03/25,
R042,王鵬齊,右投右打,1981/07/03,
E034,吳聲武,右投右打,1973/10/17,
G000,蔡士勤,右投右打,1976/10/03,
R015,何忠龍,右投右打,1981/09/23,
k469,曹維揚,右投右打,1997/02/23,
T059,達特,右投左打,1967/11/23,Kevin Datolla
B050,帝多,右投左打,1965/03/29,Juan Bell
E0L4,康崔拉斯,右投右打,1971/12/06,Jose Contreras
H407,郭阜林,右投右打,1991/01/07,
H488,藍少安,右投左打,1992/02/07,
E031,瓊茲,右投右打,1959/02/10,Alfornia Jones
B053,馬修,左投左打,1966/10/12,Randy Marshall
E0B0,白坂勝史,左投左打,1975/07/12,Shirasaka Katsushi
D091,蕭雲東,右投右打,1975/01/27,
G045,野村貴仁,左投左打,1969/01/10,Nomura Takahito
A0C8,賴達官,左投左打,1994/12/21,
B0E0,飛雷,左投左打,1981/01/28,Yorkin Ferreras
k344,德斯頓,右投右打,1986/08/10,Geraldo DESTEN
R682,吳明旭,右投右打,1988/04/16,
N028,加治屋蓮,右投右打,1991/11/25,KAJIYA REN
W019,漢森,右投右打,1970/08/04,Breny Hansen
R657,劉品辰,右投右打,1981/06/18,
N172,九鬼隆平,右投右打,1998/09/05,Kuki Ryuhei
R405,郭嚴文,右投左打,1988/10/25,
T077,高登,右投右打,1969/01/22,Kaith Gordon
E001,吳俊達,右投右打,1962/09/19,
R407,林智平,右投右打,1985/03/23,
L0F4,張家源,右投右打,1980/09/21,
E073,戴于程,右投左打,1971/12/13,
C018,廖敏雄,右投右打,1968/10/18,
G084,威格斯,右投右打,1978/08/08,Felix Villegas
R044,李瑋華,左投左打,1985/11/26,
N117,荒西祐大,右投右打,1992/08/25,ARANISHI YUDAI
k264,高梅茲,右投右打,1989/12/31,Eduardo Gomez Vasquez
L0D8,劉芙豪,右投右打,1978/11/14,
G007,許志豪,右投右打,1977/06/03,
R085,徐世傑,左投左打,1982/02/03,
k518,高佛利,右投右打,1997/03/06,Ludovico Coveri
L004,吳俊良,右投右打,1974/03/13,
L091,卜連登,右投右打,1972/10/27,Patrick Bryant
B0A2,魔銳,右投右打,1974/08/15,Ramon Morel
W0F2,凱文,左投左打,1971/01/28,Kevin Tolar
k585,金材賢,右投右打,1991/08/30,KIM JAE HYUN
L0J4,馬修,右投右打,1978/12/19,Marshall McDougall
H368,林柱,右投右打,1991/10/03,
R422,劉裕安,右投左打,1985/03/17,
k618,謝彤恩,右投左打,1999/01/30,
L048,愛德華,右投右打,1974/07/06,Todd Edaward
k485,金宰成,右投左打,1996/10/30,KIM JAE SEONG
N113,猿渡眞之,右投右打,1993/04/28,SARUWATARI MASAYUKI
W091,丹尼,左投左打,1974/01/25,Dan Serafini
R364,顏浡宇,右投右打,1989/01/15,
D053,鈴木俊雄,右投右打,1965/12/18,Suzuki Toshio
N003,川崎貴弘,右投右打,1993/08/02,KAWASAKI Takahiro
R512,劉寬振,右投左打,1986/11/19,
B0A3,飛勇,左投左打,1975/09/09,Jeffery Louis Andra
T068,林怡宏,右投左打,1974/09/14,
T075,豪帥,右投右打,1969/06/07,Jeffrey Pierce
B0C2,克林頓,右投右打,1980/08/08,Clinton Hosford
E0K1,羅培茲,右投左打,1980/05/12,Felipe Lopez
R195,賴俊男,左投左打,1985/07/20,
R077,蔣智聰,右投右打,1983/09/27,
R595,藍寅倫,右投左打,1990/05/07,
z115,金賢宇,右投右打,1988/01/21,KIM Hyun Woo
k533,李奧諾拉,右投右打,1991/12/15,Dudley Leonora
H022,歐耀宗,右投右打,1992/05/15,
E0A0,李查,右投右打,1974/11/22,Richard  Olevier
N058,成田翔,左投左打,1998/02/03,NARITA SHO
A003,葉賢文,右投右打,1974/04/08,
A073,葉俊麟,左投左打,1980/08/14,
W068,雷蒙力,右投右打,1972/09/22,Reymond Nunez
T020,巧福,右投右打,1966/10/10,Meji Emilio
L0I4,亞當,左投左打,1977/10/02,Brian Adams
L024,利多,右投左打,1968/05/02,Andres Santana
H024,黃義坤,右投右打,1989/10/24,
R553,黃俊欽,右投右打,1987/02/09,
A084,坎諾,左投左打,1975/01/01,Jonathan Cannon
G017,黃高俊,右投右打,1977/06/14,
k575,李承玹,右投右打,1991/11/21,LEE SEUNG HYEON
R191,林瑋翔,右投右打,1986/01/12,
B0D1,蘇建榮,右投右打,1983/06/05,
A0A9,悍猛,左投右打,1982/04/30,Steve Hammond
k258,羅薩里歐,右投右打,1987/09/07,Yan Carlos Rosario Medina
E009,黃廣琪,右投右打,1959/12/08,
W013,勇豐年,右投右打,1967/04/26,Brian Warren
B021,凱文,右投右打,1969/09/18,Kevin Thomas
A0F4,游宗儒,右投右打,1992/05/21,
R202,楊武峻,右投右打,1978/10/07,
C062,力飛諾,右投右打,1971/12/24,Delfino Mejia
L0F3,施金典,右投左打,1980/08/01,
E099,克力士,右投右打,1965/09/08,Chris Bennett
R332,李佳明,右投右打,1983/12/16,
T029,蔣坤珄,右投右打,1960/12/04,
E0E7,田顯明,右投右打,1978/08/20,
R600,林志祥,右投左打,1987/03/08,
L0B8,賀南多,右投右打,1971/01/25,Fernando dela Cruz
E097,羽根川竜,左投左打,1973/06/05,Hanekawa Ryu
B082,喬葛來,右投右打,1969/06/29,George Glinatsis
N115,吉川峻平,右投右打,1995/01/24,YOSHIKAWA SHUMPEI
k416,歐贊尼契,右投右打,1989/06/23,OZANICH OWEN
R527,王溢正,左投左打,1985/10/09,
R418,李育儒,右投左打,1989/02/08,
H245,徐正奇,右投右打,1992/04/20,
R109,葉竹軒,右投右打,1987/03/29,
R150,高敏靜,右投右打,1984/12/07,
R276,呂祐華,右投右打,1982/10/27,
N124,久保皓史,右投左打,1993/08/11,KUBO KOJI
A058,冰奇,左投左打,1972/01/20,Matthew Beech
k409,霍華德,右投右打,1989/02/11,HOWARD CHRISTOPHER
C026,查力士,右投右打,1972/10/02,Pena Charles
R420,謝明宗,右投右打,1983/09/20,
B0H7,尼克,右投右打,1984/08/20,Nick Green
W015,凱瑞,左投右打,1967/04/10,Kerry Knox
k515,夏歐拉,右投右打,1997/11/03,Alessandro Ciarla
T084,寶力多,左投左打,1971/08/05,Carlos Polido
E093,吳柏勳,右投右打,1971/11/25,
k343,阿藍德,右投右打,1986/10/04,Kelvin ARRENDELL
k347,詹姆士,右投右打,1987/11/25,Andrés JAMES
R432,施啟仁,右投左打,1989/06/03,
k497,許吉仁,右投右打,1994/04/21,
L088,吳昭輝,右投右打,1976/03/20,
W0A5,阿諾,右投右打,1974/03/24,James Arnold
k350,卡米內洛,右投右打,1989/10/27,Leandro CAMINERO
N012,甲斐拓也,右投右打,1992/11/05,KAI Takuya
W0B3,吉龍,右投右打,1972/11/05,Emiliano Giron
T090,江怡德,右投右打,1967/05/26,
L098,藍迪,右投右打,1970/05/28,Randolph  Kapano
L0E7,郭岱琦,右投左打,1981/10/16,Kanas
B081,艾巴勒,左投左打,1973/08/17,Adam Butler
D0A4,李威,右投右打,1975/11/18,Oscar Rivera
A0B5,王嘉誠,右投右打,1986/05/30,
W0C9,迪歐,右投左打,1976/09/27,Dionys Cesar
W0A4,羅健銘,左投左打,1980/07/31,
R597,郭駿傑,右投右打,1987/02/11,
R516,許瑋瓏,右投左打,1990/01/10,
G040,林英傑,左投左打,1981/05/01,
L0C5,沈柏蒼,右投右打,1977/08/31,
k274,米西亞,右投右打,1982/06/15,Anderson MEJIA
A0F8,成晉,右投右打,1998/11/13,
H467,周磊,右投右打,1991/04/16,
R257,黃義哲,右投右打,1983/02/14,
N116,坂本光士郎,左投左打,1994/09/09,SAKAMOTO KOSHIRO
T039,孟雷,右投左打,1957/11/01,Jose Moreno
L0E3,捷豹,右投右打,1972/05/04,Manny Aybar
L0B6,陳揚凱,右投右打,1978/02/20,
R557,羅威亞,右投右打,1990/01/30,
R653,潘振瑋,右投右打,1989/01/04,
T011,游宗龍,右投右打,1964/09/01,
R335,周廣勝,右投右打,1984/12/13,
D097,拉法葉,右投右打,1975/12/13,Rafael Rivera
N007,歳内宏明,右投右打,1993/07/19,SAIUCHI Hiroaki
C011,多情,右投右打,1965/05/15,David Turgeon
R400,高國輝,右投右打,1985/09/26,
L081,安固,右投右打,1969/08/21,Andujar Cedeno
L072,俠客,左投右打,1971/02/02,Charles Wanke
C054,千代丸亮彦,右投右打,1970/12/25,Chiyomaru Akihiko
W071,阿沙力,右投右打,1967/05/18,Ernesto Barraze
B0G3,哈維爾,右投右打,1982/12/09,Javier Martinez
R519,蔡孟倫,右投右打,1989/04/11,
k324,徐祥祐,右投左打,1989/09/17,SEO Sang Woo
R028,許峰賓,右投左打,1981/10/10,
R220,黃宏任,右投右打,1983/08/12,
L002,賴崇光,右投右打,1963/10/17,
A049,林士欽,右投右打,1979/10/05,
C055,得力旺,右投右打,1960/12/20,Jose Leon
R051,廖偉傑,左投右打,1986/10/08,
B013,韓禧敏,右投右打,1962/07/19,
k310,陳雅各,左投左打,1989/04/11,JIN Ya Gob
W027,范迪拉,右投右打,1965/09/26,Cipriano Ventura
A0F2,林承飛,右投右打,1997/04/08,
k584,朱曉祥,右投左打,1997/11/11,JOO HYO SANG
k486,金萬壽,右投右打,1996/04/18,KIM MAN SOO
E0C3,斉藤肇,右投右打,1973/07/22,Saito Hajime
R267,陳銪顯,左投左打,1984/02/06,
A071,飛銳,右投右打,1971/10/12,Anthony Fiore
H503,陳鼎元,右投右打,1992/08/06,
R273,陳聯豐,右投右打,1985/05/27,
k325,具滋昱,右投左打,1993/02/12,KOO Ja Wook
G096,派特,右投右打,1969/12/10,Pat Ahearne
D099,何利西,右投右打,1969/01/08,Mike Iglesias
R444,林國統,右投右打,1987/03/02,
R392,張誌家,右投右打,1980/05/06,
G028,麥克,右投右打,1975/09/23,Michael Marchesano
E078,卡瑞亞,右投右打,1972/06/21,Jose Correa
W0C3,尼爾森,右投右打,1976/06/04,Nelson Castro
H030,范孟晨,右投右打,1991/07/08,
R613,羅國龍,右投右打,1989/06/24,
R009,莊復華,右投右打,1982/01/11,
A0A2,派克,左投右打,1981/08/19,Zachary Parker
A075,劉家華,右投右打,1984/10/14,
L0I8,愛倫,左投左打,1973/09/04,Aaron Fultz
R241,蕭慶甫,右投右打,1984/10/04,
D025,坎倍斯,右投右打,1965/05/01,Fidel Compres
E054,羅一歐,右投右打,1965/11/25,Royal Clayton
A0D0,猛雷特,左投左打,1985/09/22,Roydrick Merritt
D052,達瑞,右投右打,1970/06/22,Dario Perez
B018,劉榮華,右投右打,1966/10/10,
E0F3,大德,右投右打,1973/11/21,Todd Erdos
k586,金永煥,右投左打,1993/01/31,KIM YOUNG HWAN
B0D8,井場友和,右投右打,1976/08/27,Iba Tomokazu
R710,鄭安家,右投右打,1994/09/23,
L065,吳俊華,左投左打,1972/10/29,
R261,李冠緯,右投右打,1983/10/31,
A0A6,威力烈,左投左打,1979/12/20,Luis Villarreal
T026,藍文成,右投右打,1962/08/29,
AOD2,路易士,左投左打,1982/09/02,Rommie Lewis
N006,二神一人,右投右打,1987/06/03,FUTAGAMI Kazuhito
D061,蓋瑞,右投右打,1969/04/10,Gabriel Ozura
k399,克里巴底,右投右打,1992/02/19,CREPALDI FILIPPO
W064,郭博承,右投右打,1975/09/07,
k372,金喜援,右投右打,1994/06/07,KIM HUIWON
k367,尹榮三,右投左打,1992/07/14,YOON YOUNGSAM
B063,風情,左投左打,1962/05/11,Timothy Fortugno
k389,李炅錄,右投右打,1989/01/18,LEE KYUNGROK
G098,安迪,左投右打,1979/07/31,Andy Van Hekken
R277,李建苳,右投右打,1984/10/25,
R140,吳弘傑,右投右打,1985/09/12,
B009,王俊郎,左投左打,1959/10/30,
E083,安東尼奧,右投右打,1972/11/25,Ramon Atonio
Z109,江忠垣,右投右打,1997/12/16,
K290,秦裕二,右投右打,1983/06/03,Hata Yuji
